reference_site,mutant,count
31,T,742
31,A,1077
31,V,500
31,E,275
31,G,250
31,D,28
31,K,140
31,I,32
31,S,95
31,M,248
31,N,41
31,Q,25
31,P,1
31,R,45
31,L,76
31,W,31
31,H,1
31,C,1
32,E,1509
32,G,1187
32,T,18
32,D,377
32,Q,49
32,N,111
32,R,23
32,S,12
32,K,82
32,A,13
32,H,5
32,P,10
32,V,1
32,L,3
33,K,678
33,N,1697
33,Q,751
33,R,23
33,E,96
33,D,241
33,H,16
33,S,67
33,G,75
33,P,30
33,T,15
33,L,2
33,M,3
33,A,1
33,V,1
34,L,3214
34,T,43
34,M,128
34,S,137
34,W,44
34,K,32
34,Y,5
34,R,37
34,F,14
34,G,12
34,A,5
34,E,4
34,V,1
34,Q,4
35,W,3699
35,K,1
35,L,1
35,G,1
35,R,3
36,V,3687
36,A,12
36,F,3
36,I,2
36,G,1
37,T,3691
37,N,2
37,I,1
37,R,1
37,A,7
37,V,1
37,M,1
37,P,1
38,V,3631
38,I,68
38,F,1
38,G,2
38,D,1
38,C,1
38,T,1
39,Y,3676
39,F,1
39,H,28
40,Y,3700
40,F,1
40,S,1
40,D,1
40,M,1
40,C,1
41,G,3700
41,K,2
41,E,1
41,A,1
41,Y,1
42,V,3687
42,E,2
42,I,6
42,G,4
42,A,4
42,L,1
42,C,1
43,P,3698
43,T,1
43,S,2
43,A,3
43,K,1
44,V,3678
44,A,10
44,I,10
44,G,3
44,M,2
44,D,1
44,R,1
45,W,3695
45,R,4
45,Y,1
45,G,4
45,Q,1
46,K,2899
46,R,583
46,Q,37
46,H,1
46,E,92
46,M,1
46,G,1
46,T,84
46,V,3
46,I,1
46,A,1
46,S,1
47,E,3107
47,D,566
47,N,20
47,K,4
47,A,4
47,G,3
48,A,3636
48,T,55
48,P,6
48,L,1
48,S,2
48,V,1
48,E,1
48,Q,1
48,N,1
49,T,1505
49,E,161
49,D,150
49,V,21
49,K,1263
49,N,466
49,M,1
49,G,2
49,A,18
49,P,5
49,S,65
49,I,31
49,Y,1
49,R,9
49,H,1
49,Q,4
50,T,3422
50,A,232
50,P,47
50,V,3
50,N,1
51,T,3573
51,I,25
51,S,10
51,P,82
51,V,9
51,A,3
51,N,2
51,D,1
52,L,3701
52,W,1
52,P,2
52,V,1
53,F,3695
53,K,1
53,L,4
53,I,1
53,S,2
53,C,2
54,C,3696
54,N,1
54,G,4
54,F,1
54,W,2
54,E,1
55,A,3696
55,G,2
55,T,4
55,L,1
55,H,1
55,V,1
56,S,3688
56,T,8
56,A,2
56,F,1
56,L,2
56,Y,2
56,P,2
57,D,3531
57,E,58
57,N,104
57,T,1
57,Y,4
57,V,1
57,S,3
57,M,1
57,G,2
58,A,3683
58,T,7
58,D,3
58,S,10
58,V,1
58,L,1
59,K,3556
59,R,125
59,Q,10
59,N,4
59,E,3
59,S,1
59,T,1
59,L,1
59,A,2
59,I,1
59,M,1
60,A,3242
60,G,233
60,V,19
60,T,34
60,S,170
60,F,3
60,P,1
60,Y,1
60,I,1
60,H,1
61,Y,3521
61,H,105
61,I,6
61,V,19
61,F,14
61,T,11
61,A,1
61,L,2
61,Q,18
61,C,1
61,R,1
61,S,4
61,G,1
61,D,1
62,D,1604
62,E,1347
62,A,60
62,K,240
62,T,16
62,S,196
62,Q,7
62,N,83
62,V,91
62,H,26
62,G,20
62,I,7
62,Y,4
62,M,1
62,L,1
62,R,2
63,T,2113
63,A,110
63,K,806
63,S,38
63,P,109
63,R,416
63,Q,44
63,E,46
63,V,4
63,L,1
63,D,3
63,I,5
63,N,10
64,E,3693
64,K,5
64,G,5
64,D,1
64,V,1
65,V,2562
65,M,106
65,K,204
65,A,710
65,Q,9
65,R,22
65,T,6
65,I,29
65,S,39
65,G,10
65,P,1
65,L,4
65,E,2
65,C,1
66,H,3701
66,S,1
66,Q,1
66,I,1
66,Y,1
67,N,3691
67,S,5
67,G,1
67,V,1
67,K,1
67,M,2
67,D,2
67,Y,1
68,V,3263
68,I,414
68,T,2
68,A,18
68,M,6
68,G,1
69,W,3696
69,R,3
69,G,4
69,S,1
70,A,3693
70,D,2
70,V,2
70,T,4
70,P,1
70,W,1
70,G,2
71,T,3690
71,K,2
71,A,1
71,I,3
71,S,8
71,L,1
72,H,3636
72,R,19
72,S,2
72,Y,38
72,C,2
72,Q,2
72,P,3
72,G,1
72,T,1
72,F,1
73,A,3697
73,T,3
73,V,1
73,S,3
73,M,1
74,C,3698
74,S,1
74,G,1
74,W,2
74,H,1
74,R,2
75,V,3700
75,I,2
75,A,1
75,G,2
76,P,3702
76,L,1
76,V,1
76,Y,1
77,T,3638
77,A,7
77,I,54
77,R,1
77,V,2
77,D,1
77,P,2
78,D,3658
78,N,33
78,A,1
78,E,5
78,Y,1
78,G,4
78,T,2
78,H,1
79,P,3698
79,L,2
79,S,2
79,H,2
79,T,1
80,N,3019
80,S,401
80,D,229
80,A,4
80,K,23
80,T,9
80,H,11
80,E,1
80,R,3
80,Y,2
80,P,3
81,P,3696
81,Q,2
81,S,2
81,A,3
81,L,1
81,T,1
82,Q,3509
82,R,91
82,H,46
82,K,17
82,N,8
82,L,29
82,P,3
82,I,1
82,S,1
83,E,3688
83,A,3
83,K,7
83,Q,2
83,D,5
84,V,1416
84,I,1252
84,L,419
84,M,565
84,T,11
84,Q,17
84,A,4
84,G,1
84,F,4
84,K,3
84,E,4
84,R,3
84,W,3
84,H,1
84,N,1
84,P,1
85,V,1894
85,H,100
85,D,96
85,K,214
85,N,107
85,P,115
85,Q,21
85,I,132
85,Y,38
85,G,31
85,E,324
85,R,94
85,L,189
85,F,146
85,A,101
85,S,34
85,T,31
85,M,20
85,W,18
86,L,3440
86,M,216
86,I,25
86,F,3
86,V,15
86,S,4
86,W,1
86,D,1
87,V,161
87,E,1942
87,D,55
87,A,137
87,K,442
87,T,56
87,I,37
87,G,708
87,N,13
87,P,36
87,Q,25
87,L,7
87,H,3
87,R,16
87,W,1
87,S,2
88,N,3682
88,D,8
88,M,1
88,K,6
88,Q,1
88,I,2
88,G,1
88,Y,1
88,H,2
88,E,1
89,V,3642
89,I,36
89,M,11
89,L,11
89,A,2
89,T,1
89,G,1
89,F,1
90,T,3662
90,I,12
90,S,17
90,K,2
90,G,1
90,A,6
90,L,1
90,V,2
90,P,1
90,E,1
91,E,3698
91,D,3
91,K,3
91,Q,1
92,N,2832
92,E,233
92,K,133
92,D,248
92,G,4
92,Q,10
92,M,1
92,T,21
92,S,54
92,H,21
92,Y,114
92,R,5
92,P,24
92,A,2
92,I,2
92,V,1
93,F,3681
93,Y,17
93,S,4
93,L,3
94,N,3550
94,S,5
94,D,131
94,H,1
94,T,9
94,I,3
94,P,1
94,Y,1
94,F,1
95,M,3515
95,V,53
95,I,75
95,L,2
95,A,50
95,T,4
95,G,1
95,R,4
95,W,1
96,W,3668
96,G,27
96,Y,1
96,R,4
96,S,1
96,M,1
96,F,1
96,C,2
97,K,3335
97,T,17
97,E,217
97,N,46
97,R,48
97,D,26
97,S,5
97,H,1
97,I,2
97,Q,7
97,G,1
98,N,3687
98,L,2
98,S,7
98,K,2
98,D,3
98,H,1
98,T,1
98,I,1
98,M,1
99,D,1632
99,N,1808
99,P,13
99,S,77
99,H,15
99,K,32
99,T,11
99,Y,32
99,G,56
99,E,21
99,Q,1
99,I,1
99,R,1
99,F,2
99,A,3
100,M,3691
100,I,4
100,V,5
100,R,2
100,E,1
100,G,1
100,T,1
101,V,3630
101,A,62
101,E,3
101,I,5
101,G,3
101,L,1
101,M,1
102,E,2151
102,D,1478
102,K,10
102,R,5
102,Q,7
102,G,1
102,N,47
102,I,1
102,T,3
102,H,1
102,Y,1
103,Q,3697
103,L,1
103,H,5
103,M,1
103,C,1
104,M,3695
104,L,4
104,T,3
104,I,2
104,E,1
105,H,3373
105,N,35
105,Q,287
105,R,2
105,Y,3
105,P,1
105,M,1
105,D,1
105,G,1
105,L,1
106,E,3243
106,T,216
106,M,2
106,V,3
106,A,28
106,I,1
106,K,60
106,S,2
106,D,23
106,Q,113
106,G,9
106,N,1
106,Y,1
106,R,2
106,L,1
107,D,3688
107,E,1
107,N,11
107,G,1
107,H,2
107,V,1
107,S,1
108,I,3214
108,V,476
108,E,1
108,T,1
108,K,1
108,M,7
108,L,3
108,D,1
108,A,1
109,I,3640
109,T,8
109,A,1
109,V,35
109,K,12
109,L,3
109,S,6
110,S,3534
110,G,14
110,R,6
110,N,134
110,D,7
110,E,6
110,Y,1
110,I,2
110,K,1
111,L,3622
111,I,76
111,V,3
111,Y,1
111,F,1
111,M,2
112,W,3695
112,G,2
112,K,1
112,R,1
112,C,4
112,Q,1
112,S,1
113,D,3615
113,E,74
113,N,3
113,A,2
113,K,1
113,H,3
113,V,1
113,Q,1
113,P,1
113,G,2
113,S,2
114,Q,3169
114,E,514
114,P,1
114,R,6
114,S,1
114,K,3
114,H,6
114,N,1
114,D,2
114,V,1
114,A,1
115,S,3614
115,F,17
115,G,55
115,N,4
115,A,2
115,K,3
115,Y,2
115,M,2
115,I,2
115,R,1
115,L,1
115,T,1
115,Q,1
116,L,3682
116,P,2
116,I,17
116,V,1
116,F,1
116,R,1
116,G,1
117,K,3609
117,T,23
117,Q,42
117,R,14
117,E,3
117,I,2
117,M,1
117,N,6
117,P,2
117,L,1
117,A,2
118,P,3698
118,S,2
118,L,1
118,T,1
118,C,2
118,M,1
119,C,3699
119,Y,2
119,L,1
119,S,1
119,V,1
119,M,1
120,V,3669
120,I,8
120,A,20
120,T,4
120,L,1
120,C,1
120,G,1
120,K,1
121,K,3465
121,Q,76
121,E,67
121,T,17
121,R,66
121,S,4
121,A,1
121,I,1
121,D,1
121,L,1
121,M,2
121,W,1
121,V,1
122,L,3607
122,I,43
122,V,5
122,F,3
122,M,41
122,S,3
122,T,1
123,T,3684
123,A,11
123,I,3
123,S,2
123,P,1
123,Y,1
123,L,1
124,P,3688
124,H,3
124,L,2
124,T,2
124,S,6
124,Q,1
124,F,1
124,A,1
125,L,3625
125,P,1
125,I,41
125,F,23
125,H,1
125,V,9
125,S,1
125,C,1
125,W,1
125,M,1
125,R,1
126,C,3694
126,W,3
126,F,1
126,S,1
126,G,1
126,T,1
126,P,1
126,R,1
126,K,1
127,V,3643
127,I,47
127,G,2
127,A,7
127,T,1
127,D,1
127,H,1
127,Y,1
127,L,1
128,S,24
128,T,3544
128,I,59
128,A,32
128,M,2
128,V,15
128,P,3
128,N,9
128,K,8
128,E,2
128,R,2
128,H,1
129,L,3668
129,M,18
129,A,1
129,I,3
129,F,4
129,Q,1
129,S,1
129,N,1
129,V,3
129,C,2
130,K,165
130,D,196
130,N,2651
130,E,156
130,S,68
130,R,53
130,H,210
130,T,111
130,Y,19
130,Q,30
130,I,28
130,M,3
130,A,3
130,L,5
130,V,2
130,F,1
130,C,1
130,W,1
131,C,3692
131,Y,2
131,R,3
131,W,1
131,S,3
131,L,2
131,G,1
132,T,2377
132,S,662
132,N,138
132,H,22
132,A,50
132,R,72
132,G,50
132,F,6
132,E,20
132,I,121
132,V,64
132,K,81
132,Q,11
132,Y,5
132,L,1
132,M,7
132,P,2
132,D,7
133,D,1586
133,N,1527
133,H,48
133,S,54
133,Y,22
133,T,83
133,E,183
133,K,114
133,Q,12
133,A,32
133,P,7
133,R,4
133,M,3
133,I,11
133,V,3
133,G,5
133,C,3
133,L,2
134,L,499
134,N,163
134,S,35
134,A,713
134,Y,356
134,I,207
134,V,1084
134,H,4
134,D,62
134,T,102
134,F,64
134,P,56
134,K,48
134,W,167
134,E,44
134,G,14
134,C,31
134,M,17
134,Q,7
134,R,11
135,K,469
135,I,156
135,N,1117
135,T,765
135,V,192
135,S,166
135,R,177
135,H,12
135,F,11
135,G,102
135,M,8
135,Q,40
135,A,38
135,D,68
135,Y,25
135,P,31
135,E,98
135,L,155
135,C,12
135,W,36
136,N,921
136,T,414
136,R,193
136,G,318
136,S,263
136,K,186
136,V,390
136,M,19
136,A,197
136,I,246
136,F,79
136,C,62
136,P,39
136,L,118
136,D,71
136,H,18
136,Y,67
136,E,35
136,Q,22
136,W,11
137,D,143
137,N,1198
137,T,1237
137,R,32
137,S,278
137,K,123
137,I,112
137,V,89
137,F,4
137,P,24
137,G,82
137,L,29
137,H,19
137,M,5
137,C,19
137,Y,19
137,A,176
137,Q,12
137,E,49
137,W,2
138,T,823
138,S,457
138,I,95
138,N,944
138,G,170
138,K,152
138,A,242
138,D,156
138,V,178
138,H,42
138,L,31
138,F,15
138,E,46
138,R,88
138,P,11
138,Y,61
138,Q,22
138,C,64
138,M,10
138,W,1
139,N,934
139,I,101
139,T,1194
139,S,393
139,Y,25
139,V,116
139,G,119
139,K,66
139,C,45
139,L,32
139,A,200
139,E,32
139,D,113
139,F,12
139,P,8
139,R,36
139,H,18
139,W,4
139,Q,9
139,M,9
140,T,913
140,D,114
140,S,415
140,N,958
140,I,94
140,V,106
140,K,114
140,A,219
140,G,173
140,R,54
140,E,42
140,P,14
140,L,27
140,F,13
140,Q,24
140,M,17
140,Y,28
140,C,24
140,H,20
140,W,3
141,N,880
141,T,852
141,D,107
141,C,22
141,S,418
141,V,126
141,Y,41
141,K,76
141,A,184
141,M,17
141,G,131
141,E,31
141,F,18
141,I,66
141,Q,26
141,P,16
141,L,40
141,R,39
141,H,20
141,W,5
142,S,434
142,N,835
142,T,709
142,K,60
142,I,81
142,G,136
142,D,106
142,A,163
142,F,9
142,M,13
142,E,42
142,V,73
142,H,24
142,Y,26
142,R,30
142,Q,23
142,C,21
142,L,24
142,P,9
142,W,4
151,K,857
151,Q,111
151,S,144
151,I,157
151,R,327
151,E,442
151,P,103
151,G,342
151,D,172
151,T,329
151,A,94
151,N,202
151,V,107
151,W,17
151,M,73
151,L,36
151,C,20
151,H,12
151,F,5
151,Y,54
152,G,1795
152,S,91
152,Q,53
152,E,825
152,F,1
152,D,127
152,R,108
152,V,50
152,A,71
152,T,147
152,I,82
152,K,140
152,N,107
152,W,5
152,L,18
152,M,32
152,P,16
152,Y,4
152,C,2
152,H,1
153,E,2913
153,K,40
153,M,14
153,G,184
153,D,275
153,V,36
153,Q,49
153,A,51
153,N,35
153,R,12
153,S,20
153,L,7
153,P,7
153,T,24
153,I,26
153,Y,3
153,F,1
154,I,1629
154,M,1568
154,V,268
154,L,174
154,R,24
154,T,9
154,W,2
154,S,2
154,K,5
154,F,6
154,Y,2
154,G,3
154,A,4
154,E,2
154,H,1
154,Q,3
155,K,3033
155,Q,142
155,R,325
155,N,5
155,T,128
155,M,14
155,A,7
155,S,11
155,I,5
155,F,3
155,G,2
155,Y,3
155,E,3
155,L,2
155,H,3
155,V,5
156,N,3563
156,S,26
156,D,20
156,I,10
156,K,36
156,H,1
156,E,12
156,R,10
156,Q,8
156,A,1
156,T,4
156,L,1
156,Y,8
156,C,1
156,G,2
157,C,3694
157,F,1
157,R,4
157,K,1
157,N,1
157,G,1
157,W,1
158,S,3477
158,T,205
158,F,7
158,Q,1
158,C,1
158,Y,5
158,P,2
158,G,1
158,D,1
158,L,3
158,A,1
159,F,3640
159,Y,53
159,H,1
159,S,3
159,V,4
159,I,1
159,L,1
159,T,1
160,N,3431
160,D,59
160,Y,41
160,K,83
160,S,30
160,E,15
160,L,1
160,H,8
160,Q,6
160,R,14
160,A,2
160,I,5
160,T,4
160,F,1
160,M,2
161,I,1607
161,M,275
161,T,485
161,V,938
161,A,329
161,F,8
161,S,31
161,L,6
161,Y,4
161,N,3
161,R,3
161,E,1
161,K,2
161,G,1
161,P,1
162,S,110
162,T,3461
162,E,3
162,P,20
162,D,10
162,N,21
162,I,9
162,A,37
162,F,2
162,K,3
162,Y,1
162,R,2
162,V,1
162,H,2
163,T,3376
163,A,81
163,P,30
163,E,8
163,Q,2
163,S,140
163,D,2
163,R,6
163,N,9
163,K,20
163,I,9
163,G,12
163,H,1
163,M,1
163,V,1
163,L,1
164,S,733
164,E,1601
164,I,49
164,A,55
164,V,135
164,K,31
164,D,177
164,L,16
164,G,260
164,M,15
164,H,18
164,P,27
164,N,440
164,Y,4
164,R,58
164,Q,17
164,T,54
164,F,11
164,C,1
165,I,2035
165,L,924
165,V,355
165,F,9
165,R,85
165,M,197
165,G,17
165,T,45
165,A,5
165,S,4
165,D,1
165,P,5
165,N,4
165,E,3
165,Q,3
165,W,4
165,K,3
165,Y,1
166,R,2493
166,K,549
166,W,7
166,Q,87
166,S,61
166,G,244
166,T,54
166,A,8
166,M,4
166,D,5
166,E,39
166,N,61
166,L,8
166,V,8
166,I,44
166,Y,3
166,H,6
166,P,1
167,G,87
167,D,3017
167,N,315
167,E,46
167,A,9
167,Q,9
167,K,47
167,T,111
167,S,15
167,R,7
167,P,5
167,I,2
167,H,4
167,Y,3
167,F,1
167,C,1
167,L,1
168,K,3181
168,R,375
168,N,12
168,E,35
168,T,19
168,Q,23
168,I,6
168,G,15
168,S,3
168,V,3
168,H,1
168,P,1
168,W,1
168,D,3
168,A,2
168,L,2
168,M,1
168,Y,1
169,V,871
169,K,1205
169,T,141
169,R,315
169,Q,182
169,I,214
169,S,31
169,E,105
169,N,47
169,H,7
169,P,20
169,G,11
169,W,22
169,M,403
169,Y,19
169,A,20
169,L,66
169,F,21
169,D,4
170,Q,1627
170,R,395
170,K,1179
170,E,74
170,H,77
170,N,24
170,V,8
170,S,26
170,T,65
170,L,22
170,F,3
170,Y,4
170,M,8
170,A,2
170,P,1
170,W,1
170,I,5
170,D,1
171,K,2469
171,Q,402
171,R,297
171,N,178
171,T,132
171,E,111
171,S,36
171,L,15
171,P,6
171,V,5
171,I,14
171,G,21
171,A,8
171,H,6
171,D,4
171,F,1
172,E,1991
172,V,763
172,M,58
172,I,16
172,S,6
172,A,255
172,R,11
172,T,80
172,G,53
172,Q,177
172,N,42
172,D,192
172,K,48
172,H,5
172,L,3
172,Y,4
172,F,1
173,Y,2753
173,H,416
173,S,126
173,F,73
173,T,25
173,A,11
173,N,109
173,R,99
173,W,5
173,Q,51
173,D,8
173,L,1
173,E,6
173,K,10
173,C,2
173,V,4
173,P,2
173,G,2
173,M,1
174,A,3414
174,S,259
174,V,12
174,G,6
174,E,2
174,T,9
174,D,2
174,K,1
175,F,98
175,L,3255
175,I,165
175,M,7
175,V,40
175,A,15
175,T,56
175,Q,1
175,Y,38
175,P,4
175,N,7
175,H,7
175,S,11
175,C,1
176,F,3559
176,L,124
176,Y,6
176,M,6
176,V,2
176,D,1
176,N,1
176,I,2
176,E,1
176,S,1
176,G,1
177,Y,3342
177,H,55
177,N,207
177,D,46
177,R,4
177,S,41
177,T,2
177,F,3
177,Q,1
177,A,1
177,C,1
177,L,1
178,K,1916
178,R,1151
178,I,14
178,T,132
178,S,176
178,G,17
178,N,169
178,D,22
178,M,3
178,L,8
178,A,36
178,E,44
178,V,7
178,Q,4
178,F,1
178,C,1
178,H,2
178,Y,1
179,L,2912
179,T,63
179,V,67
179,S,161
179,Q,17
179,I,85
179,H,33
179,M,14
179,F,34
179,Y,49
179,G,3
179,A,14
179,P,220
179,N,7
179,D,16
179,E,4
179,R,4
179,W,2
180,D,3686
180,R,1
180,N,4
180,Y,1
180,V,4
180,E,4
180,Q,1
180,G,3
180,H,1
181,I,1772
181,V,1612
181,L,284
181,M,16
181,S,2
181,T,12
181,A,5
181,G,1
181,F,1
182,I,236
182,V,3019
182,P,2
182,E,142
182,Q,12
182,T,101
182,L,28
182,A,64
182,M,70
182,S,1
182,K,18
182,F,1
182,D,3
182,G,4
182,R,3
183,P,2534
183,Q,630
183,E,50
183,H,8
183,G,4
183,L,36
183,I,1
183,K,109
183,S,250
183,A,41
183,Y,1
183,R,21
183,T,8
183,N,6
184,I,2153
184,M,143
184,V,45
184,L,1254
184,F,19
184,S,12
184,A,4
184,N,3
184,C,1
184,T,48
184,K,2
184,D,4
184,E,1
184,Q,1
184,Y,1
184,P,4
184,G,1
184,H,2
184,R,1
185,D,1557
185,N,931
185,G,287
185,S,141
185,R,22
185,K,212
185,Q,19
185,E,392
185,A,25
185,V,8
185,T,52
185,I,9
185,H,20
185,Y,4
185,P,9
185,M,4
185,L,3
185,F,5
186,N,1326
186,D,601
186,E,619
186,K,288
186,S,192
186,G,454
186,R,39
186,Q,30
186,P,22
186,A,33
186,T,60
186,H,10
186,I,13
186,V,8
186,Y,1
186,M,2
186,L,2
187,D,673
187,N,1463
187,G,121
187,E,72
187,S,676
187,T,224
187,Q,11
187,V,4
187,A,27
187,K,69
187,I,13
187,H,5
187,R,18
187,Y,13
187,P,3
187,F,3
187,C,2
187,L,2
188,T,264
188,S,1128
188,N,1293
188,H,22
188,R,30
188,A,49
188,Y,385
188,D,85
188,K,58
188,I,28
188,G,39
188,P,20
188,E,26
188,V,15
188,F,73
188,Q,9
188,W,4
188,M,1
188,C,4
188,L,4
189,T,1454
189,S,1136
189,N,343
189,E,82
189,K,91
189,Y,17
189,R,109
189,G,191
189,M,3
189,H,20
189,A,77
189,I,43
189,D,96
189,Q,15
189,V,7
189,F,4
189,L,3
189,P,1
189,C,3
189,W,1
190,S,1558
190,E,871
190,Q,75
190,K,161
190,T,252
190,N,297
190,H,14
190,L,22
190,P,11
190,D,153
190,M,27
190,R,109
190,V,4
190,G,29
190,A,10
190,W,3
190,Y,58
190,I,29
190,C,1
190,F,10
191,Y,3605
191,N,5
191,H,9
191,F,60
191,W,2
191,S,8
191,T,4
191,L,1
191,K,1
191,D,3
191,V,1
191,C,2
192,K,35
192,R,2748
192,I,436
192,M,204
192,T,199
192,V,47
192,S,3
192,A,14
192,G,7
192,Q,1
192,L,5
192,N,1
192,C,1
193,L,3579
193,I,46
193,M,47
193,K,1
193,V,11
193,Y,3
193,F,11
193,Q,1
193,S,3
193,W,1
193,N,1
194,T,168
194,I,3168
194,K,32
194,L,44
194,V,104
194,R,143
194,A,6
194,E,2
194,M,30
194,D,1
194,Y,1
194,S,1
194,N,1
194,G,1
194,H,1
195,S,1252
195,N,2126
195,T,31
195,K,39
195,H,199
195,R,14
195,G,17
195,Q,11
195,E,3
195,L,2
195,C,3
195,F,1
195,W,1
195,D,1
195,I,3
195,Y,1
196,C,3690
196,W,3
196,N,2
196,R,1
196,S,2
196,M,1
196,Y,2
196,P,1
196,G,1
197,N,3637
197,S,12
197,K,13
197,D,23
197,T,6
197,Y,3
197,I,3
197,H,1
197,C,1
197,E,2
197,R,2
197,G,1
198,T,3360
198,I,10
198,A,68
198,N,7
198,S,176
198,R,3
198,P,1
198,D,1
198,L,2
198,M,1
198,V,73
199,S,3652
199,T,39
199,P,4
199,A,4
199,V,1
199,Q,1
199,N,1
200,V,1756
200,A,745
200,S,39
200,T,1012
200,I,97
200,K,22
200,E,8
200,M,2
200,R,12
200,L,1
200,F,2
200,H,2
200,D,2
200,P,1
200,Y,1
201,I,3145
201,L,184
201,V,289
201,T,41
201,M,29
201,F,2
201,N,1
201,R,2
201,Y,1
201,H,2
201,S,3
201,G,3
202,T,3275
202,K,249
202,M,1
202,A,97
202,R,38
202,S,32
202,N,1
202,P,3
202,C,1
202,V,4
203,Q,3654
203,R,12
203,K,8
203,H,17
203,G,2
203,S,3
203,I,1
203,P,3
203,L,1
204,A,3606
204,G,5
204,D,4
204,T,50
204,S,29
204,P,6
204,V,3
205,C,3692
205,W,2
205,R,3
205,K,2
205,G,1
205,D,1
205,S,1
206,P,3682
206,S,5
206,T,4
206,R,2
206,A,3
206,Q,3
206,E,3
206,L,1
207,K,3673
207,N,3
207,R,4
207,M,6
207,S,2
207,T,3
207,Q,3
207,W,2
207,I,1
207,C,1
207,P,1
207,E,2
207,F,1
208,V,2993
208,I,575
208,E,2
208,T,89
208,M,21
208,L,4
208,A,13
208,Y,1
208,K,1
208,W,1
208,G,2
209,S,2738
209,T,847
209,K,6
209,N,95
209,A,9
209,R,1
209,F,2
209,P,3
209,D,2
210,F,3618
210,W,70
210,I,4
210,C,2
210,L,5
210,Y,1
210,D,1
210,S,1
211,E,2259
211,D,1342
211,K,10
211,Q,45
211,T,17
211,H,2
211,N,9
211,V,3
211,G,5
211,R,1
211,A,5
211,P,2
211,Y,2
212,P,3695
212,R,2
212,S,3
212,L,1
212,F,1
213,I,3670
213,L,13
213,T,4
213,V,8
213,F,4
213,P,1
213,D,1
213,M,1
213,A,1
214,P,3694
214,L,6
214,S,2
214,H,1
215,I,3665
215,V,4
215,K,1
215,L,28
215,M,1
215,N,1
215,H,1
215,C,1
215,A,1
216,H,3638
216,P,10
216,Y,37
216,L,2
216,F,1
216,N,2
216,C,1
216,Q,4
216,R,6
216,I,1
216,A,1
217,Y,3541
217,F,149
217,N,1
217,L,8
217,W,3
217,P,1
218,C,3695
218,G,2
218,R,2
218,T,1
218,S,1
218,P,1
218,W,1
219,A,3145
219,T,532
219,V,21
219,I,1
219,P,1
219,H,1
219,G,1
219,D,1
220,P,3696
220,A,3
220,R,2
220,L,2
221,A,3686
221,T,4
221,P,8
221,G,5
222,G,3694
222,S,5
222,A,3
222,D,1
223,F,2391
223,V,1
223,Y,1302
223,I,2
223,A,1
223,S,2
223,L,2
223,D,1
223,N,1
224,A,3651
224,G,7
224,V,31
224,T,11
224,P,1
224,L,1
224,E,1
225,I,3458
225,S,3
225,L,222
225,M,9
225,T,6
225,F,1
225,G,1
225,K,1
225,P,1
225,N,1
226,L,3559
226,I,106
226,V,21
226,M,4
226,F,6
226,R,4
226,P,2
226,G,1
227,K,3514
227,Q,96
227,E,5
227,R,71
227,I,4
227,N,3
227,M,5
227,L,2
227,S,1
227,T,1
227,V,1
228,C,3690
228,S,2
228,R,4
228,G,4
228,W,2
228,Y,1
229,N,2955
229,K,444
229,T,15
229,R,246
229,D,6
229,A,2
229,Q,1
229,G,12
229,E,1
229,S,10
229,I,4
229,L,1
229,F,2
229,Y,1
229,C,1
229,V,1
230,N,1705
230,D,1798
230,E,141
230,V,1
230,R,1
230,A,8
230,S,27
230,H,1
230,T,5
230,Q,9
230,K,4
230,Y,1
230,G,1
231,K,3040
231,I,20
231,E,296
231,P,19
231,N,131
231,A,16
231,M,3
231,V,4
231,T,62
231,Q,18
231,R,52
231,S,6
231,D,21
231,G,10
231,H,4
231,Y,1
232,T,1768
232,E,210
232,N,221
232,K,1146
232,Q,69
232,D,51
232,R,79
232,M,52
232,S,26
232,G,42
232,A,27
232,L,3
232,I,5
232,W,1
232,H,2
232,Y,1
233,F,3657
233,Y,25
233,V,5
233,L,2
233,S,1
233,T,10
233,D,1
233,I,1
233,C,1
234,N,3202
234,D,59
234,S,244
234,K,48
234,T,83
234,H,3
234,Q,12
234,E,32
234,F,11
234,I,3
234,G,3
234,A,2
234,R,2
235,G,3695
235,R,4
235,V,3
235,K,1
235,A,1
236,T,2811
236,K,490
236,A,21
236,Q,5
236,I,54
236,V,7
236,M,21
236,S,250
236,E,3
236,R,9
236,L,16
236,N,12
236,P,4
236,G,1
237,G,3677
237,R,8
237,D,4
237,E,13
237,A,2
238,P,3019
238,I,18
238,L,172
238,S,101
238,K,39
238,T,103
238,Q,110
238,E,59
238,F,2
238,V,4
238,W,1
238,N,12
238,A,34
238,D,11
238,R,12
238,M,1
238,H,3
238,G,2
239,C,3694
239,G,2
239,S,2
239,W,1
239,R,2
239,F,1
239,Y,1
240,T,1039
240,K,1079
240,R,191
240,M,3
240,N,797
240,Q,145
240,E,33
240,S,107
240,P,7
240,G,20
240,I,8
240,A,11
240,H,203
240,D,9
240,V,1
240,Y,22
240,L,26
240,C,2
241,N,3590
241,D,35
241,S,21
241,K,39
241,G,1
241,T,3
241,I,3
241,H,2
241,C,1
241,Q,3
241,E,4
241,M,1
241,Y,1
241,R,1
242,V,3654
242,I,49
242,A,1
242,G,1
243,S,3669
243,G,5
243,T,16
243,A,2
243,R,2
243,P,1
243,N,4
243,V,3
243,K,2
243,Y,1
244,T,3527
244,S,113
244,R,2
244,A,12
244,I,35
244,V,10
244,P,5
244,K,1
245,V,3645
245,Q,1
245,D,1
245,I,43
245,A,4
245,G,3
245,F,2
245,K,1
245,L,4
245,M,1
246,Q,3653
246,H,20
246,K,1
246,L,23
246,P,3
246,R,2
246,T,1
246,E,1
246,I,1
247,C,3691
247,W,4
247,R,7
247,Y,1
247,G,1
247,V,1
248,T,3692
248,R,1
248,P,3
248,A,4
248,S,3
248,G,1
248,H,1
249,H,3681
249,P,5
249,D,2
249,R,7
249,T,1
249,L,1
249,N,1
249,Q,5
249,M,1
249,F,1
250,G,3696
250,R,2
250,E,5
250,V,1
250,A,1
251,I,3689
251,L,5
251,V,4
251,T,3
251,M,1
251,N,1
251,A,1
251,G,1
252,R,1585
252,K,2096
252,M,12
252,N,3
252,T,2
252,E,1
252,I,2
252,S,1
252,W,1
252,H,1
252,G,1
253,P,3696
253,A,3
253,Q,1
253,L,2
253,S,1
253,T,1
254,V,3640
254,T,22
254,P,4
254,I,14
254,A,10
254,K,1
254,M,9
254,L,4
255,V,3581
255,I,95
255,A,20
255,M,5
255,L,1
255,E,1
255,P,1
255,G,1
256,S,3652
256,T,40
256,A,1
256,L,3
256,P,6
256,W,1
256,V,1
256,M,1
257,T,3691
257,A,2
257,P,2
257,S,5
257,I,1
257,H,1
257,N,1
257,K,1
258,Q,3645
258,H,47
258,R,2
258,L,1
258,P,5
258,T,2
258,K,1
258,V,1
259,L,3666
259,F,25
259,M,4
259,P,4
259,V,2
259,Q,1
259,T,1
260,L,3692
260,V,4
260,H,1
260,M,4
260,Q,1
260,I,1
260,P,1
261,L,3678
261,I,9
261,S,3
261,F,8
261,V,3
261,P,1
261,M,2
262,N,3692
262,S,4
262,I,3
262,D,1
262,Y,2
262,L,2
262,K,1
263,G,3698
263,H,1
263,V,3
263,E,1
263,N,1
263,C,1
264,S,3679
264,P,2
264,T,4
264,D,1
264,I,3
264,G,5
264,N,8
264,R,2
264,F,1
265,L,3588
265,I,64
265,V,17
265,R,9
265,Q,4
265,T,13
265,N,1
265,K,3
265,S,2
265,A,2
265,P,1
265,D,1
266,A,3511
266,T,29
266,V,11
266,S,138
266,E,3
266,P,4
266,G,1
266,L,2
266,N,2
267,E,3477
267,K,161
267,R,5
267,G,25
267,A,7
267,T,3
267,Q,11
267,D,8
267,N,2
267,V,3
267,L,2
268,E,2289
268,Q,39
268,G,700
268,K,437
268,N,30
268,S,10
268,T,13
268,R,21
268,D,94
268,A,10
268,Y,1
269,E,2586
269,K,158
269,Q,19
269,D,517
269,N,34
269,R,20
269,G,334
269,T,4
269,V,1
269,A,3
269,S,7
269,M,1
270,V,1571
270,I,2050
270,A,8
270,T,53
270,D,1
270,M,8
270,L,3
270,S,1
270,E,4
270,P,3
270,R,1
270,F,1
271,V,1808
271,R,49
271,M,245
271,T,28
271,K,55
271,I,1474
271,S,3
271,A,18
271,Q,7
271,L,6
271,E,8
271,D,1
272,I,3458
272,V,107
272,F,2
272,N,1
272,L,124
272,T,4
272,A,2
272,M,2
272,E,1
272,D,1
273,R,3486
273,S,67
273,K,132
273,G,1
273,N,2
273,E,1
273,T,3
273,A,1
273,M,2
273,I,8
273,Q,1
274,S,3575
274,F,30
274,C,8
274,L,2
274,A,28
274,T,43
274,V,3
274,K,1
274,Y,13
274,I,1
275,V,35
275,E,2579
275,K,294
275,A,269
275,S,192
275,Q,116
275,R,10
275,D,198
275,T,5
275,N,3
275,Y,2
275,G,2
276,N,3636
276,D,32
276,S,10
276,T,4
276,H,1
276,E,4
276,K,13
276,I,3
276,A,1
276,Y,1
277,F,1571
277,I,696
277,L,1356
277,Y,3
277,V,11
277,G,1
277,S,5
277,H,2
277,M,47
277,K,3
277,W,2
277,N,1
277,R,3
277,Q,2
277,P,1
277,T,1
278,T,2844
278,K,18
278,S,726
278,A,52
278,N,8
278,M,13
278,Q,2
278,V,2
278,E,20
278,P,1
278,L,3
278,I,4
278,R,5
278,D,4
278,G,3
279,D,1786
279,N,1778
279,Q,5
279,E,51
279,S,33
279,H,5
279,A,7
279,K,25
279,I,3
279,V,2
279,R,4
279,T,1
279,G,2
279,L,1
279,C,2
280,N,3621
280,G,2
280,S,50
280,T,7
280,I,2
280,H,10
280,P,3
280,D,6
280,K,2
280,A,1
280,E,1
281,A,2461
281,T,437
281,H,14
281,V,551
281,G,55
281,D,6
281,E,9
281,S,42
281,I,91
281,N,6
281,L,17
281,K,5
281,R,2
281,W,1
281,Q,1
281,F,7
282,K,3490
282,I,4
282,N,54
282,R,84
282,Y,11
282,Q,17
282,D,15
282,E,17
282,G,7
282,S,1
282,H,1
282,V,1
282,T,2
282,P,1
283,T,2514
283,I,552
283,A,9
283,N,405
283,S,37
283,V,178
283,P,6
283,L,1
283,M,2
283,G,1
284,I,3668
284,L,18
284,N,1
284,M,9
284,V,5
284,A,1
284,H,1
284,T,1
284,K,1
285,I,3609
285,L,72
285,R,1
285,F,1
285,T,9
285,V,2
285,M,11
286,V,3610
286,I,59
286,S,1
286,A,30
286,T,1
286,K,1
286,L,3
287,Q,2444
287,H,1227
287,E,1
287,R,12
287,S,7
287,N,10
287,K,3
287,P,1
288,L,3479
288,F,217
288,N,2
288,V,1
288,M,3
288,P,1
288,I,1
288,S,1
289,N,2788
289,D,62
289,A,27
289,V,35
289,T,86
289,K,622
289,S,22
289,I,6
289,R,15
289,M,1
289,Y,2
289,Q,15
289,H,11
289,P,2
289,E,11
290,T,154
290,Q,222
290,E,2234
290,K,591
290,S,33
290,N,74
290,D,182
290,R,49
290,H,12
290,A,96
290,G,7
290,V,42
290,I,6
290,Y,1
290,P,1
291,S,2285
291,P,635
291,T,482
291,A,241
291,H,16
291,N,7
291,I,7
291,Y,6
291,L,5
291,Q,2
291,F,6
291,E,2
291,R,3
291,G,2
291,V,1
291,C,3
291,D,1
292,V,3186
292,I,487
292,A,9
292,L,13
292,T,2
292,E,2
292,G,1
292,S,1
292,K,1
292,R,1
292,M,1
293,E,1581
293,Q,373
293,I,86
293,K,363
293,S,66
293,N,200
293,A,170
293,V,306
293,T,167
293,R,74
293,P,103
293,M,13
293,L,14
293,W,8
293,G,87
293,H,12
293,Y,14
293,D,66
293,F,1
294,I,3664
294,M,28
294,V,5
294,F,1
294,L,2
294,S,1
294,T,2
294,N,1
295,N,2257
295,T,332
295,S,29
295,I,44
295,E,163
295,D,50
295,R,22
295,K,74
295,Y,7
295,H,26
295,V,618
295,L,13
295,Q,6
295,F,2
295,M,58
295,A,3
296,C,3698
296,Y,3
296,F,1
296,R,1
296,V,1
297,T,2941
297,M,44
297,I,437
297,S,55
297,A,54
297,L,7
297,V,123
297,Q,4
297,E,32
297,K,3
297,Y,1
297,R,2
297,H,1
298,R,3693
298,G,5
298,K,5
298,T,1
299,P,3598
299,L,40
299,F,5
299,V,12
299,T,21
299,H,18
299,N,3
299,Y,2
299,A,2
299,I,3
300,N,2544
300,R,4
300,G,657
300,S,307
300,Y,86
300,H,49
300,A,17
300,D,17
300,F,5
300,T,8
300,I,1
300,Q,7
300,K,1
300,P,1
301,N,3619
301,K,23
301,D,6
301,Q,4
301,R,6
301,M,1
301,Y,7
301,I,10
301,T,9
301,E,4
301,H,5
301,S,7
301,V,1
302,N,3603
302,T,16
302,K,33
302,R,2
302,S,10
302,H,8
302,Y,17
302,I,9
302,D,2
302,G,2
302,V,2
303,T,3575
303,R,25
303,I,51
303,K,26
303,V,5
303,A,4
303,P,1
303,S,5
303,Q,3
303,L,3
303,G,1
303,E,2
303,Y,1
303,M,2
304,R,3521
304,K,33
304,I,46
304,S,58
304,F,1
304,L,11
304,G,7
304,Q,4
304,M,7
304,V,3
304,T,6
304,E,2
304,A,4
304,N,1
305,K,2749
305,R,559
305,Q,155
305,T,150
305,I,7
305,E,52
305,M,3
305,D,2
305,S,6
305,N,13
305,G,5
305,H,2
305,V,1
306,R,136
306,S,2941
306,G,559
306,V,3
306,D,11
306,T,4
306,H,3
306,I,7
306,F,1
306,N,12
306,K,11
306,E,4
306,Q,5
306,A,2
306,W,1
306,Y,2
306,M,1
307,I,2818
307,V,636
307,F,7
307,W,1
307,R,13
307,M,121
307,E,3
307,Y,3
307,T,64
307,L,22
307,H,5
307,S,3
307,A,3
307,G,2
307,K,1
308,R,1475
308,H,1259
308,G,80
308,I,14
308,S,168
308,T,159
308,W,3
308,P,264
308,N,199
308,Q,36
308,Y,21
308,D,1
308,V,6
308,F,1
308,A,10
308,L,4
308,M,3
308,E,1
309,I,2844
309,G,6
309,L,319
309,M,375
309,F,79
309,H,11
309,V,35
309,T,14
309,R,8
309,N,1
309,Y,1
309,K,3
309,S,5
309,A,1
309,P,1
312,G,3537
312,A,135
312,V,9
312,R,5
312,Q,3
312,S,5
312,T,8
312,I,1
312,H,1
313,P,3490
313,L,45
313,T,6
313,R,13
313,F,16
313,Q,44
313,W,45
313,G,6
313,V,4
313,A,13
313,S,7
313,M,1
313,I,6
313,K,2
313,Y,1
313,H,2
314,G,3683
314,L,3
314,R,9
314,K,1
314,W,2
314,E,2
314,A,1
315,R,1497
315,Q,1688
315,K,246
315,H,12
315,G,78
315,A,28
315,S,128
315,E,3
315,L,6
315,P,5
315,V,1
315,T,2
315,N,2
315,F,1
315,I,1
315,Y,3
316,A,2246
316,T,1063
316,S,73
316,R,11
316,V,231
316,K,2
316,E,3
316,H,1
316,I,15
316,P,7
316,W,4
316,G,11
316,F,5
316,M,21
316,Y,2
317,F,2964
317,Y,53
317,L,234
317,W,232
317,I,133
317,V,40
317,M,24
317,R,2
317,A,7
317,G,1
317,S,9
317,C,1
317,Q,2
317,P,1
318,V,20
318,Y,3166
318,F,387
318,Q,3
318,H,62
318,L,6
318,S,11
318,I,10
318,D,5
318,A,4
318,T,6
318,R,7
318,E,1
318,W,11
318,M,3
318,P,1
318,N,1
319,T,827
319,A,2721
319,S,9
319,G,30
319,K,3
319,H,2
319,V,24
319,R,9
319,F,5
319,M,4
319,L,9
319,I,7
319,P,3
319,Y,10
319,E,1
319,Q,2
319,D,1
319,N,2
320,I,20
320,T,3208
320,M,31
320,A,100
320,V,5
320,R,47
320,N,125
320,S,40
320,H,28
320,W,2
320,L,4
320,P,14
320,K,11
320,G,29
320,Y,16
320,Q,9
320,E,7
320,F,1
320,D,2
321,G,2786
321,D,128
321,N,239
321,S,21
321,Q,16
321,E,113
321,T,45
321,K,81
321,R,57
321,Y,2
321,A,15
321,F,1
321,L,1
321,H,4
321,I,1
322,K,83
322,D,1552
322,E,837
322,A,278
322,G,170
322,N,76
322,Q,267
322,T,29
322,S,53
322,R,87
322,H,7
322,I,3
322,Y,2
322,P,2
322,V,3
322,M,2
323,I,3316
323,L,13
323,T,170
323,V,154
323,M,9
323,F,1
323,D,3
323,P,1
323,E,3
323,K,12
323,A,3
323,G,6
323,S,1
323,R,6
323,Q,2
323,N,2
324,G,3674
324,R,12
324,A,1
324,T,2
324,D,4
324,K,3
324,E,3
324,I,1
324,Q,1
324,S,1
325,N,671
325,D,2937
325,P,4
325,E,31
325,K,29
325,Y,6
325,S,7
325,A,1
325,R,2
325,H,2
325,I,3
325,T,2
325,Q,4
325,G,1
326,M,6
326,I,3633
326,P,12
326,T,23
326,V,11
326,K,1
326,L,5
326,R,3
326,A,3
326,G,1
326,N,1
327,R,3654
327,K,41
327,G,4
327,I,1
327,W,1
327,A,1
328,Q,2769
328,K,544
328,E,145
328,S,9
328,N,14
328,H,16
328,R,149
328,A,19
328,L,24
328,W,1
328,D,6
328,P,5
328,V,2
328,G,1
328,Y,1
329,A,3687
329,V,3
329,S,5
329,T,5
329,D,1
329,P,2
329,G,1
330,H,2913
330,V,1
330,Y,702
330,Q,23
330,R,6
330,F,28
330,S,18
330,D,1
330,N,8
330,E,1
330,P,2
330,L,2
331,C,3698
331,R,3
331,S,2
331,D,1
331,F,1
332,N,3167
332,E,45
332,T,254
332,V,8
332,I,64
332,L,4
332,D,28
332,S,61
332,K,56
332,Q,3
332,H,7
332,A,2
332,P,1
332,R,2
332,Y,2
332,F,1
333,I,2591
333,V,461
333,T,2
333,L,642
333,F,3
333,M,3
333,N,1
333,P,1
333,C,1
334,S,2928
334,N,562
334,T,140
334,K,17
334,D,15
334,R,20
334,G,4
334,I,6
334,A,4
334,L,1
334,E,2
334,Y,1
335,R,1204
335,K,731
335,S,148
335,G,630
335,E,560
335,A,148
335,Y,10
335,Q,36
335,T,70
335,I,49
335,N,35
335,M,17
335,F,8
335,W,5
335,L,20
335,V,17
335,H,2
335,D,3
336,A,769
336,T,957
336,E,461
336,K,349
336,G,222
336,R,92
336,S,332
336,Q,99
336,L,16
336,I,46
336,V,89
336,H,11
336,M,6
336,D,120
336,P,11
336,N,66
336,Y,6
336,W,2
336,F,1
337,K,1274
337,E,571
337,D,405
337,A,273
337,N,315
337,V,14
337,Q,438
337,L,45
337,R,107
337,T,59
337,G,56
337,S,63
337,H,29
337,I,19
337,M,4
337,Y,2
338,W,3690
338,K,2
338,T,1
338,R,4
338,A,2
338,G,4
338,C,1
338,Q,1
339,N,2759
339,E,180
339,Q,13
339,T,223
339,Y,39
339,D,97
339,H,53
339,I,21
339,R,38
339,K,142
339,S,70
339,G,31
339,F,3
339,L,4
339,V,13
339,A,6
339,M,6
339,W,7
340,N,1190
340,S,100
340,D,363
340,Q,68
340,E,459
340,K,963
340,G,21
340,R,196
340,T,212
340,A,59
340,I,33
340,V,8
340,M,5
340,H,17
340,Y,5
340,L,3
340,W,2
340,C,1
341,T,3288
341,A,254
341,S,3
341,N,12
341,M,82
341,I,35
341,V,15
341,Q,1
341,D,1
341,G,2
341,K,3
341,P,2
341,L,4
341,R,2
341,E,1
342,L,3534
342,K,7
342,V,38
342,I,84
342,S,3
342,M,23
342,T,11
342,N,1
342,P,1
342,Y,1
342,F,1
342,R,1
343,K,890
343,Q,1060
343,H,118
343,Y,70
343,E,521
343,T,77
343,R,430
343,S,71
343,N,111
343,G,200
343,A,31
343,F,5
343,D,40
343,W,4
343,V,10
343,I,36
343,L,27
343,M,3
343,P,1
344,Q,1535
344,K,663
344,E,249
344,R,669
344,N,123
344,G,110
344,M,57
344,D,23
344,T,2
344,L,125
344,S,18
344,F,1
344,W,60
344,Y,17
344,H,38
344,A,9
344,I,2
344,V,2
345,I,1316
345,V,2273
345,T,45
345,L,57
345,M,2
345,Q,3
345,K,3
345,N,1
345,R,1
345,A,2
345,G,1
346,A,1064
346,G,321
346,V,1088
346,M,8
346,T,154
346,K,371
346,S,373
346,R,207
346,D,6
346,E,49
346,F,6
346,L,3
346,I,27
346,Y,5
346,Q,15
346,N,6
346,W,1
347,S,54
347,T,334
347,A,190
347,K,1086
347,M,14
347,H,10
347,I,363
347,E,933
347,N,128
347,D,102
347,Q,50
347,V,52
347,Y,2
347,G,158
347,R,207
347,L,14
347,P,6
347,W,1
348,K,3220
348,Q,245
348,E,125
348,R,40
348,S,5
348,H,6
348,F,1
348,A,18
348,V,5
348,N,7
348,I,12
348,T,16
348,M,1
348,L,2
348,G,1
349,L,3666
349,F,18
349,V,6
349,I,5
349,G,1
349,D,1
349,E,1
349,T,1
349,K,3
349,S,1
349,Y,1
350,R,1582
350,G,475
350,I,15
350,K,768
350,E,227
350,Q,191
350,T,31
350,S,71
350,A,229
350,N,28
350,H,18
350,M,6
350,Y,13
350,L,33
350,V,13
350,D,1
350,F,1
350,W,1
351,E,2534
351,K,541
351,N,54
351,I,23
351,G,127
351,T,74
351,H,8
351,R,37
351,Q,57
351,A,55
351,P,6
351,D,99
351,S,45
351,V,28
351,L,10
351,F,2
351,M,1
351,Y,2
352,Q,1586
352,Y,304
352,E,37
352,H,1112
352,N,18
352,M,3
352,I,70
352,F,26
352,L,250
352,R,54
352,A,3
352,K,188
352,D,3
352,G,2
352,T,14
352,P,4
352,S,11
352,C,2
352,V,16
353,F,3052
353,L,146
353,Y,338
353,W,42
353,G,5
353,A,3
353,K,11
353,V,20
353,T,5
353,I,22
353,N,2
353,E,20
353,Q,14
353,D,2
353,R,3
353,P,4
353,S,4
353,H,7
353,C,1
354,G,729
354,K,362
354,M,3
354,V,46
354,E,183
354,R,114
354,S,73
354,D,15
354,N,462
354,Q,59
354,P,1018
354,H,46
354,F,32
354,I,28
354,L,23
354,T,20
354,A,2
354,Y,2
355,N,292
355,K,73
355,E,87
355,V,6
355,D,13
355,R,8
355,G,19
355,I,11
355,P,3
355,Y,3
355,Q,4
355,A,6
355,S,21
355,T,13
355,M,2
355,H,1
355,F,1
356,N,2977
356,T,97
356,H,24
356,A,42
356,I,42
356,Y,3
356,E,19
356,S,80
356,D,79
356,K,214
356,G,60
356,Q,22
356,L,7
356,R,10
356,V,4
356,F,7
356,C,1
356,P,3
357,K,2698
357,A,43
357,N,85
357,G,30
357,R,210
357,T,479
357,S,80
357,I,15
357,E,31
357,Q,15
357,D,4
357,F,2
357,P,2
357,V,3
357,L,2
357,M,2
357,H,1
358,T,3077
358,P,16
358,S,69
358,A,47
358,K,139
358,I,80
358,N,174
358,Q,10
358,E,47
358,V,8
358,R,16
358,G,4
358,D,6
358,M,2
358,L,3
358,F,2
358,H,1
359,I,3585
359,T,22
359,L,18
359,M,19
359,V,42
359,F,1
359,N,3
359,K,2
359,R,1
359,P,1
359,A,5
359,E,3
360,I,871
360,N,204
360,E,177
360,K,483
360,T,308
360,A,233
360,R,91
360,S,161
360,Q,115
360,V,908
360,D,27
360,H,15
360,G,13
360,Y,15
360,L,32
360,F,34
360,M,11
360,P,3
361,F,3655
361,L,12
361,Y,11
361,I,3
361,A,2
361,T,2
361,E,5
361,D,2
361,V,3
361,S,2
361,W,1
361,Q,2
361,K,1
361,N,1
362,K,606
362,A,334
362,T,324
362,N,1628
362,D,107
362,V,3
362,E,273
362,S,53
362,H,5
362,R,95
362,Q,231
362,F,3
362,Y,1
362,M,4
362,G,20
362,L,6
362,P,9
363,Q,1083
363,N,226
363,D,5
363,K,171
363,S,565
363,P,1122
363,G,13
363,T,38
363,E,36
363,H,258
363,A,37
363,R,137
363,Y,1
363,L,4
363,I,4
363,V,1
363,M,1
364,S,2727
364,H,339
364,A,99
364,P,474
364,N,8
364,V,16
364,T,14
364,M,1
364,Q,4
364,I,6
364,L,9
364,E,1
364,R,2
364,Y,2
365,S,3193
365,A,298
365,P,64
365,I,10
365,T,78
365,L,3
365,K,13
365,G,2
365,V,30
365,R,8
365,N,1
365,D,1
365,E,1
365,M,1
366,G,3690
366,Q,1
366,E,2
366,V,1
366,R,4
366,P,1
366,S,1
367,G,3693
367,E,2
367,A,1
367,R,4
367,C,1
367,S,1
368,D,3689
368,N,4
368,T,2
368,H,1
368,G,2
368,P,1
368,E,2
368,A,2
369,P,1914
369,L,1605
369,I,78
369,V,29
369,M,6
369,S,24
369,Q,33
369,A,7
369,D,1
369,T,4
369,R,2
370,E,3683
370,Q,7
370,N,3
370,G,3
370,L,2
370,Y,1
370,P,1
370,V,1
370,T,1
370,K,1
371,I,3214
371,L,30
371,V,437
371,T,12
371,N,1
371,M,4
371,S,2
371,D,1
371,F,1
371,G,1
372,V,1588
372,T,1772
372,I,109
372,M,25
372,A,83
372,E,92
372,K,8
372,L,10
372,S,1
372,Q,7
372,G,2
372,N,2
372,P,1
372,R,3
373,T,1845
373,S,39
373,M,1621
373,K,30
373,A,21
373,R,41
373,L,63
373,E,4
373,F,8
373,H,6
373,Q,10
373,V,6
373,N,4
373,Y,3
373,I,1
373,W,1
373,G,1
374,H,3583
374,L,43
374,F,35
374,I,8
374,Y,18
374,R,5
374,Q,2
374,S,2
374,D,2
374,N,4
374,P,2
375,S,3060
375,T,428
375,M,43
375,A,1
375,R,7
375,I,55
375,N,93
375,H,10
375,K,1
375,F,4
375,L,1
376,F,3631
376,V,45
376,L,16
376,S,4
376,Q,2
376,T,1
376,I,2
376,P,2
377,N,3567
377,I,66
377,T,47
377,D,1
377,M,2
377,S,9
377,V,2
377,K,4
377,Y,1
377,Q,1
377,H,1
377,W,1
378,C,3695
378,R,1
378,Y,1
378,G,2
378,L,1
378,W,2
378,V,1
379,G,2328
379,A,74
379,R,1200
379,E,10
379,Q,31
379,K,33
379,W,1
379,N,4
379,H,1
379,M,16
379,V,1
379,I,1
379,S,2
379,Y,1
380,G,3694
380,E,6
380,R,2
380,W,2
381,E,3684
381,V,1
381,K,9
381,N,1
381,G,6
381,D,1
381,A,1
381,Q,1
382,F,3689
382,S,1
382,Y,4
382,L,8
382,V,2
382,I,1
383,F,3681
383,L,13
383,S,5
383,C,3
383,I,1
383,V,1
384,Y,3634
384,F,57
384,T,1
384,H,4
384,S,3
384,L,2
384,C,1
384,Q,1
385,C,3691
385,G,3
385,V,1
385,W,2
385,S,2
385,Y,2
385,F,2
385,R,1
386,N,3280
386,D,339
386,S,28
386,Y,21
386,T,6
386,K,14
386,E,9
386,G,2
386,V,2
386,R,1
386,C,2
387,S,403
387,T,3258
387,I,4
387,V,3
387,A,9
387,L,20
387,R,1
387,P,5
387,Q,1
388,T,1760
388,S,1806
388,A,91
388,V,3
388,K,12
388,I,6
388,E,3
388,R,2
388,P,4
388,D,7
388,L,6
388,G,1
388,C,1
388,N,2
389,Q,1127
389,G,574
389,D,77
389,S,122
389,E,147
389,R,209
389,T,20
389,K,874
389,A,70
389,H,10
389,N,219
389,L,25
389,P,179
389,I,29
389,V,8
389,M,1
389,C,3
389,Y,7
389,F,1
389,W,2
390,L,3686
390,I,9
390,M,5
390,F,1
390,G,1
390,V,1
390,T,1
391,F,3680
391,L,6
391,S,5
391,T,1
391,Y,2
391,Q,1
391,I,3
391,C,1
391,W,3
391,V,2
392,N,3282
392,A,4
392,T,75
392,S,113
392,D,93
392,R,7
392,E,9
392,H,20
392,K,62
392,G,6
392,Y,10
392,Q,5
392,P,2
392,I,5
392,L,4
392,F,2
392,V,1
392,M,1
393,S,2333
393,G,395
393,Q,3
393,R,116
393,T,117
393,N,277
393,W,32
393,Y,42
393,L,6
393,H,21
393,D,91
393,E,114
393,F,21
393,K,48
393,A,19
393,I,40
393,M,10
393,V,9
393,P,8
394,T,2759
394,S,387
394,E,32
394,I,127
394,A,44
394,N,197
394,R,20
394,L,19
394,D,23
394,Q,6
394,P,18
394,F,5
394,Y,3
394,G,8
394,W,4
394,V,16
394,K,28
394,M,6
394,H,2
395,W,2074
395,L,128
395,E,86
395,S,106
395,Y,634
395,I,85
395,F,106
395,C,6
395,D,54
395,N,108
395,T,60
395,A,32
395,M,20
395,K,39
395,R,19
395,V,40
395,G,54
395,Q,13
395,H,34
395,P,3
396,F,103
396,N,1405
396,R,62
396,K,121
396,S,238
396,E,94
396,P,124
396,H,88
396,D,162
396,Y,189
396,V,69
396,G,106
396,T,315
396,Q,40
396,L,259
396,M,117
396,I,97
396,W,66
396,A,29
396,C,3
397,N,720
397,E,153
397,K,122
397,D,204
397,P,187
397,L,79
397,V,146
397,S,540
397,I,108
397,A,180
397,G,405
397,T,237
397,Q,38
397,W,115
397,Y,49
397,H,35
397,F,165
397,M,18
397,R,70
397,C,2
398,S,286
398,L,45
398,E,78
398,T,1065
398,G,185
398,D,124
398,N,1437
398,A,50
398,Q,9
398,P,27
398,K,58
398,M,8
398,V,20
398,H,8
398,R,29
398,W,16
398,Y,19
398,I,44
398,F,13
398,C,1
399,T,546
399,D,291
399,A,93
399,N,498
399,S,582
399,G,533
399,Q,62
399,K,76
399,E,270
399,I,47
399,H,41
399,W,81
399,V,24
399,P,11
399,Y,159
399,R,49
399,M,19
399,L,28
399,F,29
399,C,1
400,W,194
400,T,1277
400,N,424
400,G,226
400,K,56
400,Q,24
400,S,363
400,I,110
400,M,64
400,R,79
400,D,94
400,Y,47
400,A,51
400,H,13
400,V,38
400,L,129
400,P,22
400,E,114
400,F,19
400,C,4
406,N,365
406,I,45
406,W,37
406,A,47
406,S,262
406,G,242
406,M,11
406,T,396
406,R,44
406,K,70
406,E,196
406,H,12
406,Q,27
406,P,18
406,D,94
406,C,1
406,F,12
406,L,25
406,V,25
406,Y,13
407,N,316
407,D,80
407,S,230
407,K,41
407,R,29
407,G,151
407,E,153
407,T,264
407,W,28
407,A,34
407,L,24
407,P,19
407,Q,18
407,I,36
407,V,22
407,H,6
407,Y,15
407,M,3
407,F,6
408,T,161
408,N,247
408,D,62
408,S,131
408,E,64
408,G,70
408,L,15
408,P,5
408,V,11
408,Q,9
408,R,14
408,M,5
408,K,26
408,A,14
408,Y,8
408,I,20
408,W,16
408,H,4
408,F,2
409,E,122
409,K,33
409,S,103
409,A,30
409,N,219
409,R,21
409,G,132
409,D,66
409,Q,7
409,V,15
409,T,144
409,I,25
409,P,12
409,L,11
409,W,5
409,H,5
409,Y,5
409,M,1
410,G,478
410,A,103
410,S,801
410,E,305
410,L,103
410,N,573
410,D,235
410,T,615
410,P,78
410,Y,15
410,I,66
410,K,93
410,Q,29
410,V,48
410,R,53
410,H,13
410,F,9
410,W,5
410,M,9
411,S,334
411,N,2001
411,T,436
411,D,312
411,I,37
411,E,203
411,G,143
411,H,16
411,P,23
411,K,57
411,Q,18
411,R,22
411,A,49
411,L,3
411,V,6
411,Y,4
411,F,1
412,D,801
412,S,567
412,T,416
412,G,547
412,A,155
412,N,179
412,K,172
412,P,29
412,E,551
412,L,37
412,Q,19
412,M,2
412,Y,9
412,I,60
412,V,43
412,H,7
412,F,4
412,R,72
412,W,1
412,C,2
413,T,1876
413,P,88
413,N,1013
413,H,23
413,I,296
413,E,29
413,S,75
413,D,64
413,K,35
413,Y,20
413,L,28
413,V,94
413,F,12
413,M,6
413,A,7
413,W,1
413,Q,4
413,R,4
414,I,3424
414,V,34
414,L,120
414,Y,6
414,M,5
414,F,32
414,T,64
414,A,2
414,H,5
414,K,1
414,N,3
414,S,3
414,C,1
414,E,2
414,G,1
415,T,2987
415,I,490
415,V,36
415,F,2
415,M,32
415,E,16
415,H,5
415,L,8
415,R,38
415,N,9
415,K,35
415,S,19
415,Q,8
415,P,8
415,A,5
415,C,2
415,Y,1
415,G,1
416,L,3260
416,I,408
416,R,2
416,A,1
416,F,14
416,H,2
416,P,3
416,V,4
416,S,1
416,M,4
416,Q,3
416,N,1
417,P,2783
417,Q,673
417,L,29
417,R,30
417,T,45
417,K,35
417,S,44
417,H,35
417,D,1
417,A,4
417,I,10
417,V,2
417,M,1
417,C,3
417,N,5
417,Y,2
417,G,1
418,C,3682
418,F,1
418,S,5
418,R,5
418,G,1
418,Y,1
418,K,2
418,D,1
418,I,1
418,N,1
418,E,1
419,R,3227
419,K,426
419,S,10
419,I,8
419,P,2
419,G,2
419,Q,10
419,T,5
419,M,1
419,N,5
419,Y,1
419,C,2
419,H,1
420,I,3656
420,L,22
420,K,2
420,M,6
420,V,5
420,R,5
420,T,4
420,S,1
421,K,3396
421,R,279
421,N,3
421,Q,4
421,I,10
421,E,2
421,G,1
421,H,1
421,S,1
421,V,1
421,W,1
421,Y,2
421,L,1
422,Q,3678
422,K,5
422,L,7
422,H,4
422,R,2
422,P,4
422,I,3
423,I,3342
423,V,92
423,F,237
423,L,11
423,S,1
423,Y,5
423,T,2
423,N,1
423,M,7
423,H,2
423,G,1
423,C,1
423,K,1
424,I,2959
424,V,721
424,Y,1
424,L,7
424,R,1
424,T,3
424,K,3
424,A,1
424,M,2
424,N,3
424,W,1
424,E,1
424,F,1
425,N,3492
425,R,148
425,K,14
425,H,16
425,T,3
425,D,4
425,S,3
425,I,12
425,Y,2
425,M,3
425,Q,2
425,G,3
425,A,1
426,M,2962
426,L,223
426,V,14
426,I,6
426,R,439
426,T,20
426,K,30
426,A,1
426,S,2
426,W,4
426,G,2
426,Q,1
427,W,3664
427,G,11
427,Q,4
427,R,12
427,C,7
427,L,3
427,K,1
427,A,1
427,S,1
427,T,1
428,Q,3678
428,L,5
428,R,8
428,H,5
428,S,1
428,V,1
428,K,2
428,M,1
428,G,2
428,P,1
428,T,1
429,K,278
429,R,427
429,T,46
429,E,2094
429,Q,121
429,G,686
429,A,25
429,D,7
429,S,12
429,N,1
429,V,6
429,Y,1
429,P,1
430,V,3533
430,T,59
430,A,57
430,I,36
430,P,4
430,E,2
430,L,6
430,K,1
430,G,5
430,R,1
430,M,1
431,G,3671
431,E,12
431,R,11
431,A,4
431,S,1
431,L,1
431,M,1
431,P,1
431,W,1
431,V,2
432,K,1939
432,Q,440
432,R,1285
432,N,2
432,V,5
432,T,10
432,I,6
432,M,2
432,G,4
432,P,3
432,E,1
432,L,4
432,A,2
432,C,1
432,S,1
433,A,3677
433,S,11
433,T,5
433,V,2
433,G,3
433,L,1
433,P,3
433,I,1
433,M,1
434,M,3282
434,I,365
434,L,5
434,T,22
434,V,17
434,K,3
434,A,1
434,R,2
434,Y,2
434,P,2
434,S,1
434,G,1
435,Y,3674
435,F,9
435,H,1
435,P,1
435,S,7
435,C,1
435,D,4
435,A,1
435,V,1
435,G,1
435,N,2
435,I,1
435,L,1
436,A,3638
436,P,6
436,T,14
436,N,30
436,I,1
436,V,5
436,S,6
436,G,1
436,Y,1
436,C,1
436,F,1
437,P,3566
437,R,2
437,N,34
437,S,47
437,T,1
437,A,47
437,L,3
437,I,1
437,H,1
437,V,3
438,P,3685
438,T,3
438,A,4
438,L,3
438,I,1
438,S,6
438,R,2
438,M,1
439,I,3596
439,R,13
439,V,58
439,L,12
439,A,1
439,G,2
439,S,7
439,F,1
439,T,8
439,P,3
439,M,2
439,N,2
440,S,423
440,Q,228
440,P,90
440,K,392
440,E,525
440,A,1129
440,R,840
440,N,12
440,G,24
440,D,9
440,M,5
440,T,16
440,I,5
440,L,1
440,H,1
440,V,5
441,G,3687
441,S,2
441,C,1
441,T,1
441,R,4
441,D,1
441,K,1
441,E,2
441,V,1
441,A,4
441,Q,1
442,Q,1021
442,V,195
442,I,218
442,K,168
442,E,96
442,R,94
442,N,1181
442,A,17
442,S,78
442,T,30
442,P,187
442,L,293
442,D,23
442,H,35
442,W,6
442,Y,48
442,M,11
442,F,3
442,C,1
443,I,3613
443,M,2
443,V,20
443,L,62
443,T,1
443,A,1
443,K,1
443,Q,1
443,R,2
443,Y,1
443,H,1
444,R,993
444,Q,85
444,N,416
444,T,1324
444,M,19
444,K,351
444,E,31
444,S,365
444,G,6
444,Y,16
444,V,11
444,F,1
444,H,10
444,I,50
444,A,17
444,L,5
444,D,2
444,W,1
444,P,1
445,C,3685
445,W,1
445,S,7
445,G,3
445,A,2
445,K,1
445,L,1
445,R,3
445,I,1
446,S,1497
446,E,140
446,V,163
446,T,372
446,I,149
446,Q,8
446,R,248
446,K,477
446,N,429
446,L,125
446,D,19
446,A,48
446,M,6
446,F,4
446,P,7
446,H,10
446,Y,1
446,C,1
447,S,3687
447,T,10
447,A,2
447,P,1
447,I,1
447,L,1
447,Q,1
447,Y,1
447,C,1
448,N,3169
448,D,43
448,T,76
448,S,260
448,K,88
448,H,11
448,Q,12
448,I,21
448,A,1
448,G,4
448,E,8
448,L,3
448,Y,3
448,R,5
448,C,1
449,I,3674
449,V,11
449,S,2
449,F,6
449,M,1
449,T,5
449,L,2
449,Y,3
449,P,1
450,T,3689
450,I,2
450,S,4
450,A,4
450,Q,1
450,G,1
450,K,1
450,P,1
450,R,1
450,Y,1
451,G,3694
451,E,2
451,K,1
451,V,2
451,D,2
451,S,2
451,I,2
452,L,3326
452,I,295
452,M,47
452,V,22
452,S,4
452,T,6
452,G,2
452,F,1
452,R,1
452,Y,1
453,L,3109
453,I,553
453,M,17
453,V,14
453,T,3
453,G,3
453,F,3
453,R,1
453,P,1
454,L,3637
454,I,41
454,W,3
454,K,1
454,R,1
454,S,7
454,P,2
454,F,3
454,V,4
454,D,2
454,M,2
454,A,1
455,T,3073
455,I,63
455,A,37
455,V,366
455,M,18
455,L,80
455,S,18
455,P,4
455,E,33
455,F,2
455,Q,7
455,Y,1
455,R,1
455,D,1
456,R,3578
456,W,39
456,K,3
456,S,22
456,I,5
456,T,3
456,G,5
456,A,1
456,H,22
456,Y,10
456,N,2
456,C,3
456,D,2
456,P,2
456,L,1
456,E,1
456,V,2
457,D,3669
457,G,9
457,T,1
457,A,6
457,N,5
457,C,1
457,E,6
457,R,1
457,L,2
457,S,1
457,H,2
458,G,3658
458,S,8
458,K,3
458,Y,3
458,E,7
458,V,2
458,W,1
458,R,5
458,A,2
458,H,1
458,N,2
458,C,1
458,T,2
458,L,1
458,M,1
458,D,5
458,Q,1
459,G,3526
459,E,21
459,V,13
459,D,36
459,S,39
459,N,4
459,K,2
459,A,12
459,H,2
459,T,2
459,R,8
459,I,2
459,L,1
459,P,3
460,N,1362
460,S,251
460,K,309
460,I,240
460,Y,36
460,V,113
460,G,206
460,H,68
460,D,205
460,E,183
460,T,306
460,R,84
460,Q,81
460,L,45
460,F,5
460,M,19
460,P,51
460,A,58
460,C,2
460,W,1
461,S,322
461,E,251
461,N,1385
461,G,414
461,K,154
461,A,33
461,R,52
461,T,356
461,D,351
461,I,58
461,V,46
461,P,34
461,Q,34
461,H,53
461,Y,10
461,L,16
461,M,13
461,W,1
461,C,4
461,F,3
462,N,1626
462,G,249
462,S,416
462,K,132
462,T,446
462,A,47
462,I,38
462,D,177
462,E,225
462,R,65
462,P,30
462,V,48
462,Q,53
462,L,13
462,M,9
462,H,6
462,Y,3
462,F,1
463,N,1141
463,R,69
463,S,557
463,T,658
463,E,283
463,G,262
463,V,22
463,K,124
463,I,28
463,D,285
463,A,52
463,Y,9
463,Q,41
463,H,26
463,L,4
463,P,12
463,M,1
463,W,2
463,F,1
463,C,1
464,E,410
464,S,237
464,A,68
464,I,44
464,T,798
464,M,19
464,D,326
464,G,379
464,N,548
464,K,184
464,R,98
464,V,14
464,L,12
464,P,19
464,Q,102
464,H,24
464,F,4
464,Y,5
464,W,4
464,C,6
465,S,258
465,N,783
465,P,100
465,T,1982
465,A,33
465,K,78
465,E,163
465,D,43
465,V,15
465,G,16
465,I,119
465,H,9
465,Q,17
465,L,5
465,F,8
465,Y,6
465,M,5
465,R,8
466,E,3588
466,Q,12
466,K,8
466,T,5
466,A,5
466,D,42
466,Y,2
466,L,4
466,I,4
466,N,3
466,F,4
466,V,7
466,R,1
466,W,1
466,G,4
466,M,1
466,H,2
466,S,1
467,I,1314
467,T,2144
467,V,203
467,K,15
467,F,8
467,S,3
467,C,1
467,A,5
467,N,2
467,P,1
467,E,1
467,R,3
467,D,1
467,L,1
468,F,3651
468,C,1
468,L,20
468,R,3
468,S,1
468,M,2
468,K,1
468,G,1
468,V,17
468,Q,1
468,P,1
468,I,4
468,Y,1
469,R,3675
469,P,5
469,T,5
469,G,6
469,S,3
469,I,2
469,W,1
469,K,5
469,L,1
470,P,3682
470,G,7
470,S,2
470,L,9
470,K,1
470,R,3
470,F,1
471,G,2873
471,E,139
471,V,60
471,A,362
471,T,73
471,I,86
471,Q,57
471,L,19
471,R,4
471,W,12
471,S,12
471,H,2
471,N,3
471,K,1
471,P,1
471,M,1
472,G,3687
472,E,3
472,D,2
472,R,7
472,K,2
472,M,1
472,V,1
472,A,1
473,G,3684
473,M,2
473,R,5
473,D,5
473,E,7
473,S,1
473,F,1
474,D,2486
474,N,1175
474,E,33
474,Y,1
474,G,2
474,K,1
474,M,3
474,R,1
475,M,3643
475,I,40
475,V,4
475,T,3
475,D,3
475,K,2
475,L,2
475,R,5
475,N,2
475,W,1
476,R,2595
476,K,1083
476,Q,3
476,M,11
476,N,2
476,F,1
476,S,2
476,D,3
476,E,3
476,W,1
476,G,1
477,D,3562
477,G,8
477,N,115
477,R,4
477,C,1
477,E,8
477,H,2
477,W,1
477,L,1
477,S,1
477,I,1
477,A,1
478,N,3682
478,I,4
478,S,5
478,Y,3
478,K,3
478,W,3
478,G,1
478,R,1
478,E,1
479,W,3691
479,D,1
479,C,4
479,N,2
479,G,1
479,R,2
479,E,1
479,L,1
479,I,1
480,R,3675
480,K,9
480,N,1
480,E,2
480,G,11
480,S,4
480,L,1
480,I,1
481,S,3562
481,N,125
481,W,1
481,R,2
481,L,1
481,G,6
481,K,2
481,E,2
481,Y,1
481,T,1
481,I,1
482,E,3671
482,K,24
482,R,1
482,Y,1
482,G,1
482,M,1
482,F,1
482,L,1
482,A,2
482,D,1
483,L,3696
483,S,1
483,V,1
483,Y,3
483,N,1
483,I,2
484,Y,3685
484,F,8
484,E,1
484,L,1
484,D,1
484,Q,3
484,K,3
484,S,1
484,H,1
485,K,3615
485,R,59
485,Q,6
485,M,2
485,N,8
485,L,1
485,S,3
485,C,1
485,Y,2
485,P,1
485,A,1
485,E,2
485,T,2
485,V,1
486,Y,3695
486,D,1
486,Q,1
486,K,2
486,S,1
486,F,1
486,C,2
486,I,1
487,K,3690
487,E,3
487,M,1
487,D,2
487,R,4
487,V,3
487,T,1
488,V,3607
488,I,77
488,E,1
488,T,13
488,Q,1
488,L,1
488,A,2
488,N,1
489,V,3599
489,I,91
489,S,1
489,M,1
489,A,4
489,C,1
489,Q,1
489,K,2
489,N,1
489,L,4
490,K,1626
490,Q,261
490,R,419
490,E,1369
490,T,8
490,G,7
490,A,7
490,I,2
490,L,1
490,S,5
491,I,3295
491,V,275
491,L,120
491,S,3
491,P,2
491,N,6
491,E,1
491,T,2
491,M,1
492,E,2235
492,Q,82
492,D,9
492,K,1271
492,N,38
492,P,3
492,G,5
492,V,3
492,A,2
492,T,3
492,R,48
492,H,1
492,M,3
492,L,1
493,P,3680
493,T,2
493,M,1
493,L,2
493,S,15
493,A,3
493,G,1
494,L,3513
494,I,130
494,V,54
494,P,1
494,F,2
494,G,2
494,E,1
494,R,1
495,G,3688
495,R,5
495,A,1
495,E,6
495,P,1
495,L,1
495,V,1
495,T,1
495,I,1
496,V,1787
496,I,1655
496,L,253
496,S,3
496,M,2
496,P,1
496,K,1
496,A,2
496,Y,1
497,A,3686
497,P,6
497,S,1
497,G,1
497,T,6
497,V,5
498,P,3700
498,T,1
498,L,2
498,R,1
498,S,1
499,T,3556
499,S,72
499,N,38
499,H,3
499,I,3
499,P,14
499,A,6
499,D,4
499,G,3
499,E,3
499,L,1
500,K,2086
500,R,588
500,T,151
500,G,220
500,E,408
500,P,24
500,S,29
500,Q,33
500,W,3
500,M,15
500,L,1
500,A,68
500,N,38
500,D,34
500,H,5
500,I,1
501,A,3637
501,S,56
501,G,3
501,D,1
501,P,3
501,T,3
501,R,1
501,Q,1
502,K,3039
502,R,605
502,Q,49
502,M,2
502,E,3
502,T,1
502,S,1
502,D,1
502,H,3
502,I,1
503,R,3696
503,K,6
503,T,1
503,G,1
504,R,3595
504,K,13
504,Q,42
504,I,24
504,V,4
504,L,3
504,A,3
504,E,2
504,T,5
504,N,1
504,M,5
504,G,2
504,P,5
505,V,3652
505,T,17
505,A,24
505,S,1
505,G,2
505,M,5
505,L,2
505,I,1
506,V,3689
506,G,5
506,M,3
506,L,1
506,E,1
506,A,4
506,W,1
507,Q,2050
507,E,1409
507,G,110
507,A,10
507,K,60
507,R,28
507,H,5
507,P,3
507,D,13
507,N,4
507,T,7
507,V,1
507,S,2
508,R,3632
508,E,3
508,K,62
508,I,5
508,G,3
509,E,3549
509,R,6
509,G,52
509,A,7
509,K,18
509,Q,39
509,D,25
509,P,4
509,V,2
509,T,1
509,N,1
509,S,1
510,K,3611
510,R,85
510,E,5
510,A,1
511,R,3695
511,G,5
511,K,5
512,A,3600
512,T,23
512,D,16
512,E,12
512,G,33
512,V,6
512,S,6
512,P,1
512,R,2
513,V,2989
513,I,310
513,L,75
513,A,260
513,F,7
513,G,11
513,M,20
513,E,1
513,P,2
513,T,2
513,K,1
514,G,3159
514,F,3
514,T,271
514,A,10
514,I,14
514,P,7
514,V,25
514,E,3
514,M,1
514,L,8
514,R,3
514,K,1
514,W,1
514,H,1
515,I,1912
515,L,1371
515,M,229
515,F,92
515,V,61
515,G,8
515,T,2
515,K,3
515,A,3
515,H,1
515,P,1
516,G,3675
516,A,20
516,D,1
516,E,2
516,Y,1
516,R,3
516,V,1
516,S,1
517,A,3644
517,L,7
517,V,37
517,T,6
517,R,1
517,G,4
517,S,3
517,F,1
517,K,1
518,L,724
518,V,1707
518,M,1193
518,F,35
518,A,19
518,T,2
518,I,18
518,W,5
518,N,1
519,F,3158
519,L,414
519,I,118
519,V,9
519,G,1
519,W,1
519,T,1
519,S,1
519,N,1
520,L,3359
520,I,170
520,V,13
520,F,156
520,P,2
520,A,1
520,R,1
520,G,1
521,G,3693
521,R,4
521,L,1
521,V,2
521,A,1
521,F,1
521,T,1
522,F,3649
522,L,12
522,I,33
522,S,4
522,V,6
523,L,3702
523,V,1
523,G,1
524,G,3594
524,A,24
524,S,77
524,V,1
524,E,1
524,R,4
524,T,2
524,D,1
525,A,3378
525,T,238
525,M,17
525,L,11
525,P,2
525,F,3
525,S,3
525,V,47
525,I,3
525,K,1
525,G,1
526,A,3696
526,T,2
526,P,5
526,G,1
526,E,1
527,G,3701
527,A,1
527,Q,1
527,E,1
527,H,1
528,S,3686
528,T,7
528,G,7
528,A,1
528,R,1
528,I,1
528,K,1
529,T,3666
529,A,21
529,I,4
529,N,5
529,S,2
529,G,1
529,V,1
529,P,3
529,M,1
530,M,3695
530,I,5
530,K,1
530,T,1
530,S,1
530,V,1
530,R,1
531,G,3700
531,A,1
531,M,1
531,S,2
531,D,1
532,A,3676
532,G,2
532,V,19
532,P,2
532,E,1
532,T,4
532,L,1
533,A,3657
533,T,9
533,V,26
533,R,8
533,M,1
533,G,3
534,S,3587
534,A,112
534,P,3
534,T,2
534,L,1
535,M,648
535,V,635
535,I,1819
535,L,586
535,T,12
535,A,3
535,S,1
535,E,1
536,T,3364
536,A,280
536,M,42
536,G,3
536,P,1
536,V,7
536,S,7
536,F,1
537,L,3700
537,R,2
537,M,1
537,F,1
537,P,1
538,T,3692
538,M,6
538,A,4
538,L,1
538,S,1
538,P,1
539,V,3494
539,A,193
539,L,3
539,E,3
539,G,11
539,I,1
540,Q,3685
540,P,2
540,R,4
540,H,13
540,L,1
541,A,3560
541,V,87
541,T,53
541,D,1
541,S,3
541,I,1
542,R,3667
542,T,2
542,W,1
542,K,31
542,G,1
542,I,2
542,Q,1
543,Q,3084
543,K,22
543,L,521
543,R,22
543,A,2
543,N,14
543,I,5
543,H,15
543,T,6
543,M,5
543,S,5
543,E,2
543,P,2
544,L,3572
544,V,117
544,M,8
544,I,4
544,S,1
544,Q,1
544,P,1
544,W,1
545,L,3659
545,M,41
545,F,4
545,S,1
546,S,3589
546,F,35
546,T,43
546,A,31
546,P,2
546,G,2
546,Y,1
546,L,1
546,N,1
547,G,3691
547,S,5
547,C,1
547,D,2
547,E,2
547,V,2
547,I,1
547,A,1
548,I,3688
548,T,4
548,V,9
548,M,3
548,R,1
549,V,3696
549,A,3
549,E,2
549,L,2
549,Q,1
549,M,1
550,Q,3684
550,R,13
550,H,6
550,E,1
550,L,1
551,Q,3701
551,M,1
551,H,2
551,E,1
552,Q,3700
552,H,2
552,R,2
552,N,1
553,N,1924
553,S,1602
553,G,16
553,R,137
553,A,2
553,D,12
553,H,3
553,Q,2
553,K,1
553,T,4
553,E,1
553,Y,1
554,N,3686
554,T,1
554,K,2
554,D,9
554,S,3
554,L,1
554,R,1
554,A,1
554,I,1
555,L,3672
555,M,32
555,F,1
556,L,3695
556,M,5
556,R,1
556,V,2
556,P,1
556,A,1
557,R,3187
557,K,418
557,M,50
557,Q,38
557,W,1
557,N,6
557,S,3
557,T,1
557,A,1
558,A,3699
558,E,1
558,D,1
558,T,1
558,V,2
558,P,1
559,I,3672
559,T,4
559,V,25
559,R,1
559,E,1
559,L,2
560,E,3605
560,D,66
560,K,8
560,Q,19
560,G,3
560,N,2
560,A,1
560,S,1
561,A,3662
561,V,27
561,M,5
561,T,7
561,L,1
561,Q,1
561,S,1
561,E,1
562,Q,3694
562,H,10
562,R,1
563,Q,3647
563,H,53
563,R,3
563,T,1
563,L,1
564,H,3550
564,Q,60
564,Y,6
564,S,6
564,R,62
564,N,16
564,K,3
564,L,2
565,L,2027
565,M,1642
565,V,9
565,I,25
565,T,1
565,Q,1
566,L,3698
566,F,2
566,M,1
566,Q,1
566,P,1
566,S,1
566,W,1
567,Q,3428
567,K,209
567,R,61
567,N,1
567,E,3
567,L,2
567,P,1
568,L,3698
568,P,3
568,V,2
568,T,1
568,R,1
569,T,3697
569,P,4
569,V,1
569,A,2
569,M,1
570,V,3695
570,A,2
570,F,3
570,I,4
570,W,1
571,W,3700
571,F,1
571,S,1
571,G,2
571,R,1
572,G,3699
572,D,3
572,L,1
572,S,1
572,I,1
573,I,3662
573,V,40
573,K,1
573,T,1
573,N,1
574,K,3700
574,T,1
574,S,1
574,Q,1
574,N,1
574,R,1
575,Q,3698
575,H,1
575,N,1
575,L,2
575,R,3
576,L,3701
576,I,1
576,Q,1
576,F,2
577,Q,3634
577,R,59
577,K,8
577,H,1
577,P,2
577,A,1
578,A,3174
578,V,1
578,T,526
578,C,1
578,E,1
578,S,2
579,R,3702
579,K,2
579,G,1
580,I,256
580,V,3353
580,L,91
580,M,1
580,F,2
580,A,2
581,L,3688
581,M,4
581,R,3
581,P,3
581,V,7
582,A,3675
582,T,10
582,S,15
582,L,1
582,V,2
582,G,1
582,E,1
583,V,2221
583,M,64
583,L,325
583,I,1092
583,G,1
583,E,1
583,A,1
584,E,3694
584,K,8
584,Q,1
584,G,1
585,R,3550
585,G,13
585,A,3
585,K,25
585,S,99
585,N,5
585,T,6
585,W,1
585,Q,2
585,H,1
586,Y,3644
586,F,53
586,Q,1
586,H,5
586,C,2
587,L,3697
587,I,5
587,P,2
587,Q,1
588,K,2192
588,Q,462
588,H,18
588,R,897
588,G,48
588,S,9
588,C,1
588,A,13
588,M,8
588,E,17
588,W,5
588,T,22
588,V,4
588,Y,5
588,N,3
588,L,1
589,D,3686
589,E,10
589,N,2
589,V,1
589,H,1
589,Y,3
589,G,2
590,Q,3687
590,R,15
590,P,2
590,K,1
591,Q,3626
591,R,79
592,L,3639
592,I,21
592,V,1
592,R,14
592,F,27
592,H,1
592,Y,1
592,P,1
593,L,3660
593,M,44
593,P,1
594,G,3683
594,A,2
594,E,3
594,R,3
594,S,13
594,C,1
595,I,2910
595,L,616
595,T,2
595,M,136
595,V,20
595,F,10
595,S,8
595,N,1
595,P,1
595,Y,1
596,W,3701
596,C,1
596,R,1
596,F,1
596,T,1
597,G,3701
597,C,1
597,D,2
597,A,1
598,C,3702
598,Y,2
598,A,1
599,S,3663
599,T,9
599,A,19
599,P,5
599,H,2
599,F,3
599,C,1
599,N,1
599,Y,2
600,G,3686
600,E,4
600,R,4
600,S,4
600,A,4
600,T,1
600,D,1
600,N,1
601,K,3573
601,R,130
601,E,1
601,G,1
602,L,3373
602,I,94
602,V,27
602,T,6
602,H,133
602,F,26
602,R,36
602,Q,5
602,S,3
602,Y,1
602,K,1
603,I,3676
603,V,21
603,T,2
603,H,1
603,R,2
603,L,1
603,F,1
603,M,1
604,C,3701
604,Y,2
604,R,1
604,I,1
605,T,3471
605,P,149
605,N,32
605,A,32
605,Y,5
605,R,1
605,S,9
605,H,3
605,F,1
605,C,1
605,I,1
606,T,3697
606,I,2
606,P,1
606,F,1
606,S,3
606,N,1
607,A,1704
607,T,732
607,S,201
607,N,1013
607,D,44
607,V,5
607,P,2
607,F,1
607,I,2
608,V,3686
608,A,6
608,L,11
608,E,1
609,P,3577
609,L,19
609,K,5
609,R,24
609,S,34
609,Q,4
609,H,8
609,A,21
609,E,3
609,I,1
609,F,4
609,V,1
609,Y,2
609,T,1
610,W,3702
610,A,1
610,R,1
611,N,3682
611,E,3
611,D,12
611,S,4
611,K,1
611,W,1
611,T,1
612,A,797
612,S,1458
612,N,177
612,D,86
612,T,897
612,K,25
612,P,8
612,E,20
612,F,7
612,Y,8
612,V,105
612,R,7
612,I,68
612,G,12
612,M,2
612,H,6
612,L,16
612,Q,4
612,C,1
613,S,3520
613,T,153
613,E,3
613,N,21
613,K,1
613,A,1
613,R,4
613,D,1
614,W,3699
614,R,3
614,T,1
614,S,1
615,S,3645
615,N,39
615,T,3
615,G,13
615,Q,1
615,K,1
615,Y,1
615,W,1
616,N,3565
616,D,17
616,I,2
616,S,54
616,K,26
616,R,5
616,T,9
616,H,3
616,E,3
616,G,3
616,P,1
616,A,2
616,Q,1
617,K,3115
617,R,518
617,H,1
617,S,12
617,T,18
617,G,5
617,E,4
617,L,4
617,Q,3
617,I,7
617,Y,1
617,N,4
617,V,1
617,D,2
617,M,1
618,S,2879
618,T,568
618,N,200
618,L,3
618,D,8
618,I,1
618,A,8
618,Y,6
618,E,4
618,P,12
618,G,3
618,V,1
618,K,3
618,F,1
618,Q,2
618,R,2
619,L,1552
619,Q,799
619,Y,501
619,H,125
619,R,47
619,M,103
619,K,146
619,F,41
619,E,172
619,V,107
619,W,17
619,D,10
619,I,54
619,N,6
619,S,4
619,A,6
619,P,1
619,T,10
620,E,654
620,S,414
620,N,622
620,D,1103
620,T,359
620,R,21
620,K,187
620,A,93
620,G,128
620,Q,54
620,H,36
620,P,8
620,I,14
620,Y,2
620,W,1
620,V,4
620,L,3
621,Q,435
621,E,1279
621,D,1152
621,A,108
621,K,146
621,S,34
621,T,100
621,Y,210
621,N,77
621,V,13
621,H,26
621,I,23
621,M,40
621,R,33
621,W,6
621,G,16
621,F,4
621,L,2
622,I,3680
622,W,11
622,D,1
622,N,2
622,E,2
622,V,7
622,L,1
623,W,3685
623,K,3
623,N,8
623,H,1
623,L,2
623,S,1
623,Y,1
623,G,1
623,E,1
623,R,1
624,N,968
624,D,1570
624,E,463
624,G,363
624,K,104
624,Q,111
624,R,3
624,T,18
624,S,33
624,Y,8
624,L,1
624,H,49
624,V,1
624,A,1
625,H,18
625,N,3585
625,K,50
625,S,28
625,E,6
625,D,2
625,Y,1
625,T,8
625,Q,3
625,R,3
625,I,1
626,T,39
626,M,3506
626,L,148
626,R,2
626,I,4
626,K,2
626,S,1
626,W,1
626,F,1
626,A,1
627,T,3702
627,P,2
627,S,1
628,W,3701
628,G,1
628,R,2
628,C,1
629,M,3238
629,L,203
629,Q,15
629,I,166
629,V,27
629,R,34
629,N,8
629,K,8
629,T,6
630,E,1178
630,Q,2436
630,N,1
630,D,57
630,K,21
630,A,5
630,R,2
630,G,2
630,M,1
630,P,1
630,L,1
631,W,3699
631,G,1
631,R,3
631,C,1
631,V,1
632,D,1599
632,E,2096
632,I,1
632,K,3
632,N,1
632,G,5
633,R,2356
633,K,1281
633,E,13
633,T,17
633,N,7
633,S,9
633,Q,5
633,A,2
633,I,5
633,G,7
633,M,2
633,L,1
634,E,3670
634,K,16
634,Q,14
634,G,3
634,D,2
635,I,3549
635,V,153
635,L,1
635,M,1
635,A,1
636,N,769
636,S,1060
636,G,100
636,D,1509
636,E,184
636,R,11
636,Q,7
636,A,24
636,H,21
636,V,2
636,T,11
636,Y,1
636,I,4
636,C,1
636,K,1
637,N,3588
637,I,2
637,D,11
637,K,61
637,A,1
637,S,19
637,Q,11
637,T,4
637,R,6
637,Y,1
637,G,1
638,Y,3638
638,H,49
638,V,4
638,F,10
638,D,1
638,T,1
638,C,2
639,T,3587
639,S,112
639,P,2
639,L,1
639,K,1
639,E,1
639,A,1
640,S,423
640,D,781
640,Q,238
640,N,704
640,A,29
640,E,266
640,K,131
640,G,896
640,H,55
640,Y,53
640,I,3
640,V,9
640,R,65
640,T,43
640,C,1
640,L,5
640,F,2
640,M,1
641,L,1223
641,I,681
641,K,38
641,E,258
641,Q,82
641,D,9
641,T,1118
641,A,14
641,V,152
641,M,11
641,F,32
641,Y,41
641,H,14
641,S,22
641,P,4
641,G,3
641,R,3
642,I,3692
642,T,1
642,K,2
642,V,7
642,M,1
642,L,2
643,H,18
643,Y,3659
643,F,19
643,W,3
643,R,1
643,Q,3
643,S,1
643,C,1
644,S,530
644,T,974
644,N,653
644,E,67
644,D,111
644,K,264
644,R,791
644,A,20
644,G,64
644,Q,132
644,H,15
644,Y,15
644,V,1
644,L,9
644,I,7
644,F,2
644,W,33
644,M,15
644,P,1
644,C,1
645,L,3679
645,I,6
645,Y,1
645,V,1
645,S,2
645,M,14
645,F,1
645,Q,1
646,I,1482
646,L,2217
646,F,2
646,V,1
646,T,1
646,A,1
646,S,1
647,E,3506
647,A,33
647,D,3
647,V,11
647,G,48
647,Q,46
647,L,4
647,T,31
647,K,5
647,S,8
647,M,2
647,I,4
647,H,2
647,R,1
648,E,2019
648,D,625
648,K,427
648,Q,214
648,V,151
648,A,44
648,I,83
648,N,53
648,T,43
648,R,9
648,G,12
648,S,8
648,L,11
648,H,3
648,M,1
648,F,1
649,S,3534
649,A,157
649,L,4
649,T,5
649,F,1
649,Y,1
649,W,1
649,P,1
649,C,1
650,Q,3665
650,H,26
650,R,7
650,N,1
650,T,1
650,K,2
650,Y,2
650,S,1
651,N,2537
651,T,311
651,I,464
651,V,32
651,K,26
651,R,18
651,S,190
651,Y,35
651,L,24
651,H,19
651,F,8
651,D,20
651,A,5
651,M,3
651,G,10
651,Q,1
651,E,1
651,P,1
652,Q,3682
652,L,4
652,K,6
652,R,8
652,F,1
652,P,1
652,E,2
652,N,1
653,Q,3696
653,R,4
653,L,1
653,P,1
653,E,2
653,K,1
654,E,3591
654,A,2
654,D,98
654,K,4
654,N,3
654,V,3
654,W,1
654,G,3
655,K,2858
655,I,67
655,M,22
655,Q,352
655,E,108
655,R,192
655,V,3
655,N,59
655,T,15
655,H,3
655,D,4
655,L,4
655,S,8
655,A,8
655,Y,1
655,W,1
656,N,3692
656,D,5
656,H,1
656,S,4
656,T,2
656,I,1
657,E,3693
657,Q,1
657,K,7
657,G,2
657,C,1
657,H,1
658,Q,1957
658,K,1377
658,R,47
658,H,27
658,P,1
658,L,259
658,E,26
658,N,9
658,A,1
658,T,1
659,E,1833
659,D,1831
659,K,24
659,G,4
659,Q,3
659,A,2
659,N,7
659,L,1
660,L,3698
660,F,4
660,V,1
660,G,1
660,D,1
661,L,3686
661,M,7
661,F,5
661,S,2
661,V,2
661,P,2
661,W,1
662,E,1537
662,A,1855
662,S,66
662,K,131
662,Q,80
662,G,23
662,R,1
662,D,2
662,T,8
662,V,1
662,N,1
663,L,3655
663,M,6
663,F,25
663,W,16
663,S,2
663,N,1
664,D,3558
664,G,42
664,N,70
664,A,3
664,H,1
664,S,18
664,E,10
664,Y,1
664,Q,1
665,K,2401
665,Q,122
665,S,911
665,N,90
665,E,50
665,H,16
665,T,54
665,A,1
665,R,50
665,D,8
665,I,1
665,M,1
666,W,3702
666,V,1
666,L,1
666,R,1
667,A,2141
667,G,14
667,T,80
667,D,196
667,S,68
667,E,56
667,N,452
667,V,2
667,P,1
667,Q,267
667,K,427
667,H,1
668,S,2122
668,N,1448
668,T,21
668,G,40
668,D,56
668,E,2
668,I,8
668,L,1
668,V,1
668,Y,1
668,K,1
668,F,2
668,H,1
668,A,1
669,L,3699
669,P,1
669,W,2
669,V,2
669,S,1
670,W,3689
670,L,4
670,R,4
670,M,1
670,F,6
670,G,1
671,N,2663
671,T,215
671,S,787
671,D,33
671,G,3
671,K,3
671,F,1
672,W,3701
672,R,1
672,D,1
672,G,1
672,L,1
673,F,3677
673,L,24
673,Y,1
673,I,1
673,V,1
673,W,1
674,N,507
674,E,31
674,D,2150
674,S,833
674,G,87
674,K,10
674,A,17
674,T,58
674,Q,4
674,H,4
674,Y,1
674,I,1
674,R,2
675,I,3673
675,L,19
675,M,4
675,T,3
675,K,3
675,F,1
675,P,1
675,V,1
676,T,2371
676,S,1321
676,A,7
676,V,3
676,N,1
676,P,1
676,G,1
677,N,2171
677,K,962
677,Q,217
677,H,132
677,R,121
677,S,70
677,T,6
677,E,18
677,Y,4
677,W,1
677,D,1
677,G,2
678,W,3700
678,C,1
678,G,1
678,R,2
678,V,1
679,L,3697
679,M,7
679,W,1
680,W,3659
680,R,24
680,K,3
680,S,3
680,G,9
680,H,1
680,Y,2
680,L,1
680,D,1
680,E,2
681,Y,3699
681,C,3
681,D,1
681,I,1
681,H,1
682,I,3683
682,V,15
682,F,1
682,K,1
682,L,2
682,T,2
682,R,1
683,K,2915
683,R,757
683,Q,29
683,G,1
683,M,1
683,E,2
684,L,211
684,I,3449
684,M,26
684,V,4
684,T,14
684,R,1
685,F,3694
685,V,8
685,L,1
685,S,1
685,A,1
686,I,3668
686,V,21
686,L,4
686,T,2
686,M,8
686,F,1
686,R,1
687,M,3423
687,I,269
687,L,8
687,T,2
687,K,1
687,Y,2
688,I,3535
688,V,154
688,T,4
688,M,4
688,L,5
688,A,3
689,V,3506
689,I,190
689,A,4
689,G,1
689,E,1
689,L,2
689,W,1
690,G,3626
690,A,66
690,E,3
690,V,7
690,R,3
691,G,3671
691,D,3
691,S,30
691,V,1
692,L,3668
692,I,22
692,V,6
692,M,7
692,S,1
692,W,1
693,V,800
693,I,2896
693,M,3
693,L,2
693,E,1
693,A,1
693,G,1
693,P,1
694,G,3677
694,E,1
694,A,7
694,S,5
694,V,8
694,R,3
694,C,3
694,I,1
695,L,3671
695,S,1
695,I,14
695,F,12
695,V,6
695,W,1
696,R,3623
696,K,81
696,G,1
697,I,3679
697,L,9
697,V,16
697,M,1
698,V,2099
698,I,1548
698,A,20
698,F,21
698,T,8
698,M,1
698,L,7
698,S,1
699,F,3512
699,V,14
699,S,4
699,M,19
699,L,95
699,C,52
699,I,6
699,P,1
699,Y,1
699,A,1
700,A,2315
700,D,1
700,T,904
700,S,165
700,V,67
700,F,24
700,I,48
700,M,5
700,L,9
700,Y,1
700,C,15
700,P,2
700,G,149
701,V,3495
701,G,2
701,M,20
701,I,163
701,T,2
701,A,13
701,L,8
701,C,1
701,E,1
702,L,3342
702,I,174
702,F,171
702,V,13
702,S,1
702,P,3
702,M,1
